Epsilon,Robust Cost,Nominal Cost,Ideal Cost,Rho Multiplier,Rho (Expected),Rho (True),Workload (Perturbed),Workload (True)
0.05,1.2290532932319764,1.2290532932319764,1.2290438163777428,0.25,0.537553736762958,0.22135136177639375,"Workload(z0=0.008307349808404365, z1=0.3303235448844399, q=0.4358041608037262, w=0.2255649445034295)","Workload(z0=0.01, z1=0.49, q=0.49, w=0.01)"
0.05,1.2290532932319764,1.2290532932319764,1.2290438163777428,1,0.537553736762958,0.22135136177639375,"Workload(z0=0.008307349808404365, z1=0.3303235448844399, q=0.4358041608037262, w=0.2255649445034295)","Workload(z0=0.01, z1=0.49, q=0.49, w=0.01)"
0.05,1.2290532932319764,1.2290532932319764,1.2290438163777428,1.75,0.537553736762958,0.22135136177639375,"Workload(z0=0.008307349808404365, z1=0.3303235448844399, q=0.4358041608037262, w=0.2255649445034295)","Workload(z0=0.01, z1=0.49, q=0.49, w=0.01)"
0.1,1.2290645026233398,1.2430244026151827,1.2290438163128932,0.25,0.6421622343184823,0.12267621693446601,"Workload(z0=0.048317843985902977, z1=0.6700401811298371, q=0.2687502581260495, w=0.012891716758210358)","Workload(z0=0.01, z1=0.49, q=0.49, w=0.01)"
0.1,1.2290532932319764,1.2430244026151827,1.2290438163128932,1,0.6421622343184823,0.12267621693446601,"Workload(z0=0.048317843985902977, z1=0.6700401811298371, q=0.2687502581260495, w=0.012891716758210358)","Workload(z0=0.01, z1=0.49, q=0.49, w=0.01)"
0.1,1.2290532932319764,1.2430244026151827,1.2290438163128932,1.75,0.6421622343184823,0.12267621693446601,"Workload(z0=0.048317843985902977, z1=0.6700401811298371, q=0.2687502581260495, w=0.012891716758210358)","Workload(z0=0.01, z1=0.49, q=0.49, w=0.01)"
0.15000000000000002,1.2290532932319764,1.2296413508103825,1.2290438163725121,0.25,0.094907763681034,0.057308036624180075,"Workload(z0=0.022438501639703044, z1=0.4068051862580386, q=0.4956546070845898, w=0.07510170501766841)","Workload(z0=0.01, z1=0.49, q=0.49, w=0.01)"
0.15000000000000002,1.2290532932319764,1.2296413508103825,1.2290438163725121,1,0.094907763681034,0.057308036624180075,"Workload(z0=0.022438501639703044, z1=0.4068051862580386, q=0.4956546070845898, w=0.07510170501766841)","Workload(z0=0.01, z1=0.49, q=0.49, w=0.01)"
0.15000000000000002,1.2290532932319764,1.2296413508103825,1.2290438163725121,1.75,0.094907763681034,0.057308036624180075,"Workload(z0=0.022438501639703044, z1=0.4068051862580386, q=0.4956546070845898, w=0.07510170501766841)","Workload(z0=0.01, z1=0.49, q=0.49, w=0.01)"
0.2,1.2290532932319764,1.2291206636937293,1.2290438163071398,0.25,0.26160659247449936,0.012986758203239544,"Workload(z0=0.018769336969093893, z1=0.41567189256567466, q=0.5566847899788716, w=0.008873980486359862)","Workload(z0=0.01, z1=0.49, q=0.49, w=0.01)"
0.2,1.2290532932319764,1.2291206636937293,1.2290438163071398,1,0.26160659247449936,0.012986758203239544,"Workload(z0=0.018769336969093893, z1=0.41567189256567466, q=0.5566847899788716, w=0.008873980486359862)","Workload(z0=0.01, z1=0.49, q=0.49, w=0.01)"
0.2,1.2290532932319764,1.2291206636937293,1.2290438163071398,1.75,0.26160659247449936,0.012986758203239544,"Workload(z0=0.018769336969093893, z1=0.41567189256567466, q=0.5566847899788716, w=0.008873980486359862)","Workload(z0=0.01, z1=0.49, q=0.49, w=0.01)"
0.25,1.2296183140844994,1.2339058847384248,1.2290438163743296,0.25,0.097373215642827,0.018923827635008814,"Workload(z0=0.04269339403201229, z1=0.48182481888098644, q=0.4649557892491377, w=0.010525997837863647)","Workload(z0=0.01, z1=0.49, q=0.49, w=0.01)"
0.25,1.2290532932319764,1.2339058847384248,1.2290438163743296,1,0.097373215642827,0.018923827635008814,"Workload(z0=0.04269339403201229, z1=0.48182481888098644, q=0.4649557892491377, w=0.010525997837863647)","Workload(z0=0.01, z1=0.49, q=0.49, w=0.01)"
0.25,1.2290532932319764,1.2339058847384248,1.2290438163743296,1.75,0.097373215642827,0.018923827635008814,"Workload(z0=0.04269339403201229, z1=0.48182481888098644, q=0.4649557892491377, w=0.010525997837863647)","Workload(z0=0.01, z1=0.49, q=0.49, w=0.01)"
0.3,1.2293708844379334,1.2328055446132988,1.2290438163973176,0.25,0.1542066394479028,0.07693273908450103,"Workload(z0=0.03909144569880351, z1=0.42042315370220934, q=0.4543027567310535, w=0.08618264386793363)","Workload(z0=0.01, z1=0.49, q=0.49, w=0.01)"
0.3,1.2290532932319764,1.2328055446132988,1.2290438163973176,1,0.1542066394479028,0.07693273908450103,"Workload(z0=0.03909144569880351, z1=0.42042315370220934, q=0.4543027567310535, w=0.08618264386793363)","Workload(z0=0.01, z1=0.49, q=0.49, w=0.01)"
0.3,1.2290532932319764,1.2328055446132988,1.2290438163973176,1.75,0.1542066394479028,0.07693273908450103,"Workload(z0=0.03909144569880351, z1=0.42042315370220934, q=0.4543027567310535, w=0.08618264386793363)","Workload(z0=0.01, z1=0.49, q=0.49, w=0.01)"
0.35000000000000003,1.2290532932319764,1.2296575105373346,1.2290438162836848,0.25,0.05130631053347405,0.004454057097539043,"Workload(z0=0.019417496590116223, z1=0.47157494534359373, q=0.49298602867991204, w=0.016021529386378092)","Workload(z0=0.01, z1=0.49, q=0.49, w=0.01)"
0.35000000000000003,1.2290532932319764,1.2296575105373346,1.2290438162836848,1,0.05130631053347405,0.004454057097539043,"Workload(z0=0.019417496590116223, z1=0.47157494534359373, q=0.49298602867991204, w=0.016021529386378092)","Workload(z0=0.01, z1=0.49, q=0.49, w=0.01)"
0.35000000000000003,1.2290532932319764,1.2296575105373346,1.2290438162836848,1.75,0.05130631053347405,0.004454057097539043,"Workload(z0=0.019417496590116223, z1=0.47157494534359373, q=0.49298602867991204, w=0.016021529386378092)","Workload(z0=0.01, z1=0.49, q=0.49, w=0.01)"
0.4,1.229940002496058,1.2323706280765725,1.2290438163119035,0.25,0.03925485178566278,0.012969530884432175,"Workload(z0=0.03522550947935289, z1=0.4786121306226427, q=0.47677874148430555, w=0.009383618413699014)","Workload(z0=0.01, z1=0.49, q=0.49, w=0.01)"
0.4,1.2290443013193122,1.2323706280765725,1.2290438163119035,1,0.03925485178566278,0.012969530884432175,"Workload(z0=0.03522550947935289, z1=0.4786121306226427, q=0.47677874148430555, w=0.009383618413699014)","Workload(z0=0.01, z1=0.49, q=0.49, w=0.01)"
0.4,1.2290532932319764,1.2323706280765725,1.2290438163119035,1.75,0.03925485178566278,0.012969530884432175,"Workload(z0=0.03522550947935289, z1=0.4786121306226427, q=0.47677874148430555, w=0.009383618413699014)","Workload(z0=0.01, z1=0.49, q=0.49, w=0.01)"
0.45,1.2337057054101637,1.2356637830711468,1.2290438163725121,0.25,0.012953112480969926,0.04020777281517929,"Workload(z0=0.057384933583567665, z1=0.43487039562591095, q=0.4810800072536034, w=0.026664663536918005)","Workload(z0=0.01, z1=0.49, q=0.49, w=0.01)"
0.45,1.231840796747602,1.2356637830711468,1.2290438163725121,1,0.012953112480969926,0.04020777281517929,"Workload(z0=0.057384933583567665, z1=0.43487039562591095, q=0.4810800072536034, w=0.026664663536918005)","Workload(z0=0.01, z1=0.49, q=0.49, w=0.01)"
0.45,1.23053291189889,1.2356637830711468,1.2290438163725121,1.75,0.012953112480969926,0.04020777281517929,"Workload(z0=0.057384933583567665, z1=0.43487039562591095, q=0.4810800072536034, w=0.026664663536918005)","Workload(z0=0.01, z1=0.49, q=0.49, w=0.01)"
0.5,1.2291545952872447,1.2295789276233406,1.2290438163720447,0.25,0.01807098307597469,0.002237024914401186,"Workload(z0=0.01811149142586239, z1=0.4820952364217618, q=0.48990993668253696, w=0.009883335469838881)","Workload(z0=0.01, z1=0.49, q=0.49, w=0.01)"
0.5,1.2290532932319764,1.2295789276233406,1.2290438163720447,1,0.01807098307597469,0.002237024914401186,"Workload(z0=0.01811149142586239, z1=0.4820952364217618, q=0.48990993668253696, w=0.009883335469838881)","Workload(z0=0.01, z1=0.49, q=0.49, w=0.01)"
0.5,1.2290532932319764,1.2295789276233406,1.2290438163720447,1.75,0.01807098307597469,0.002237024914401186,"Workload(z0=0.01811149142586239, z1=0.4820952364217618, q=0.48990993668253696, w=0.009883335469838881)","Workload(z0=0.01, z1=0.49, q=0.49, w=0.01)"
0.55,1.2293753358450996,1.23045783027318,1.2290438163725121,0.25,0.030502515951853704,0.007745873913695843,"Workload(z0=0.023147400752385652, z1=0.48652202252557025, q=0.4712671370046531, w=0.01906343971739111)","Workload(z0=0.01, z1=0.49, q=0.49, w=0.01)"
0.55,1.2290532932319769,1.23045783027318,1.2290438163725121,1,0.030502515951853704,0.007745873913695843,"Workload(z0=0.023147400752385652, z1=0.48652202252557025, q=0.4712671370046531, w=0.01906343971739111)","Workload(z0=0.01, z1=0.49, q=0.49, w=0.01)"
0.55,1.2290532932319764,1.23045783027318,1.2290438163725121,1.75,0.030502515951853704,0.007745873913695843,"Workload(z0=0.023147400752385652, z1=0.48652202252557025, q=0.4712671370046531, w=0.01906343971739111)","Workload(z0=0.01, z1=0.49, q=0.49, w=0.01)"
0.6000000000000001,1.2291770910129114,1.231110382336063,1.2290438162968793,0.25,0.06232549562232935,0.007245299769977637,"Workload(z0=0.025721823622791053, z1=0.502245297984854, q=0.4622156871164578, w=0.009817191275897226)","Workload(z0=0.01, z1=0.49, q=0.49, w=0.01)"
0.6000000000000001,1.2290532932319764,1.231110382336063,1.2290438162968793,1,0.06232549562232935,0.007245299769977637,"Workload(z0=0.025721823622791053, z1=0.502245297984854, q=0.4622156871164578, w=0.009817191275897226)","Workload(z0=0.01, z1=0.49, q=0.49, w=0.01)"
0.6000000000000001,1.2293786354367138,1.231110382336063,1.2290438162968793,1.75,0.06232549562232935,0.007245299769977637,"Workload(z0=0.025721823622791053, z1=0.502245297984854, q=0.4622156871164578, w=0.009817191275897226)","Workload(z0=0.01, z1=0.49, q=0.49, w=0.01)"
0.6500000000000001,1.2290532932319769,1.2290512796157647,1.2290438162834016,0.25,0.013469396530163508,0.0001975077848917197,"Workload(z0=0.00997103322101222, z1=0.4998640433741286, q=0.480193890183847, w=0.00997103322101222)","Workload(z0=0.01, z1=0.49, q=0.49, w=0.01)"
0.6500000000000001,1.2290532932319764,1.2290512796157647,1.2290438162834016,1,0.013469396530163508,0.0001975077848917197,"Workload(z0=0.00997103322101222, z1=0.4998640433741286, q=0.480193890183847, w=0.00997103322101222)","Workload(z0=0.01, z1=0.49, q=0.49, w=0.01)"
0.6500000000000001,1.2290532932319764,1.2290512796157647,1.2290438162834016,1.75,0.013469396530163508,0.0001975077848917197,"Workload(z0=0.00997103322101222, z1=0.4998640433741286, q=0.480193890183847, w=0.00997103322101222)","Workload(z0=0.01, z1=0.49, q=0.49, w=0.01)"
0.7000000000000001,1.2290459282730395,1.2291038922555984,1.2290438163103596,0.25,0.010645149243881451,0.0011793253100835514,"Workload(z0=0.010259528544975102, z1=0.5139653948403163, q=0.4664405723023252, w=0.009334504312383364)","Workload(z0=0.01, z1=0.49, q=0.49, w=0.01)"
0.7000000000000001,1.22905320545236,1.2291038922555984,1.2290438163103596,1,0.010645149243881451,0.0011793253100835514,"Workload(z0=0.010259528544975102, z1=0.5139653948403163, q=0.4664405723023252, w=0.009334504312383364)","Workload(z0=0.01, z1=0.49, q=0.49, w=0.01)"
0.7000000000000001,1.2290532932319764,1.2291038922555984,1.2290438163103596,1.75,0.010645149243881451,0.0011793253100835514,"Workload(z0=0.010259528544975102, z1=0.5139653948403163, q=0.4664405723023252, w=0.009334504312383364)","Workload(z0=0.01, z1=0.49, q=0.49, w=0.01)"
0.7500000000000001,1.2290532932319764,1.229049620245451,1.2290438163067265,0.25,0.019140708674097624,0.00012382960431575255,"Workload(z0=0.010048758221896823, z1=0.4977318798609458, q=0.4821706036952605, w=0.010048758221896823)","Workload(z0=0.01, z1=0.49, q=0.49, w=0.01)"
0.7500000000000001,1.2290532932319764,1.229049620245451,1.2290438163067265,1,0.019140708674097624,0.00012382960431575255,"Workload(z0=0.010048758221896823, z1=0.4977318798609458, q=0.4821706036952605, w=0.010048758221896823)","Workload(z0=0.01, z1=0.49, q=0.49, w=0.01)"
0.7500000000000001,1.2290532932319764,1.229049620245451,1.2290438163067265,1.75,0.019140708674097624,0.00012382960431575255,"Workload(z0=0.010048758221896823, z1=0.4977318798609458, q=0.4821706036952605, w=0.010048758221896823)","Workload(z0=0.01, z1=0.49, q=0.49, w=0.01)"
0.8,1.2291546883611386,1.2303598397902622,1.2290438163725121,0.25,0.036452311734404,0.005141433351901624,"Workload(z0=0.02363922245684153, z1=0.4811049053437052, q=0.48549250618311424, w=0.009763366016339058)","Workload(z0=0.01, z1=0.49, q=0.49, w=0.01)"
0.8,1.2290532932319764,1.2303598397902622,1.2290438163725121,1,0.036452311734404,0.005141433351901624,"Workload(z0=0.02363922245684153, z1=0.4811049053437052, q=0.48549250618311424, w=0.009763366016339058)","Workload(z0=0.01, z1=0.49, q=0.49, w=0.01)"
0.8,1.2290532932319764,1.2303598397902622,1.2290438163725121,1.75,0.036452311734404,0.005141433351901624,"Workload(z0=0.02363922245684153, z1=0.4811049053437052, q=0.48549250618311424, w=0.009763366016339058)","Workload(z0=0.01, z1=0.49, q=0.49, w=0.01)"
0.8500000000000001,1.2290532932319764,1.2290438260848764,1.2290438162918944,0.25,0.030820559603453593,0.0012498733710884224,"Workload(z0=0.010200489918342177, z1=0.48500439133213435, q=0.489007407517174, w=0.01578771123234962)","Workload(z0=0.01, z1=0.49, q=0.49, w=0.01)"
0.8500000000000001,1.2290532932319764,1.2290438260848764,1.2290438162918944,1,0.030820559603453593,0.0012498733710884224,"Workload(z0=0.010200489918342177, z1=0.48500439133213435, q=0.489007407517174, w=0.01578771123234962)","Workload(z0=0.01, z1=0.49, q=0.49, w=0.01)"
0.8500000000000001,1.2290532932319764,1.2290438260848764,1.2290438162918944,1.75,0.030820559603453593,0.0012498733710884224,"Workload(z0=0.010200489918342177, z1=0.48500439133213435, q=0.489007407517174, w=0.01578771123234962)","Workload(z0=0.01, z1=0.49, q=0.49, w=0.01)"
0.9000000000000001,1.2290532932319764,1.2290441662957683,1.2290438163402826,0.25,0.02565365307582855,0.02208903745493878,"Workload(z0=0.009975624239687347, z1=0.4707891931155978, q=0.4724197503708447, w=0.046815432273870194)","Workload(z0=0.01, z1=0.49, q=0.49, w=0.01)"
0.9000000000000001,1.2290532932319764,1.2290441662957683,1.2290438163402826,1,0.02565365307582855,0.02208903745493878,"Workload(z0=0.009975624239687347, z1=0.4707891931155978, q=0.4724197503708447, w=0.046815432273870194)","Workload(z0=0.01, z1=0.49, q=0.49, w=0.01)"
0.9000000000000001,1.2290532932319764,1.2290441662957683,1.2290438163402826,1.75,0.02565365307582855,0.02208903745493878,"Workload(z0=0.009975624239687347, z1=0.4707891931155978, q=0.4724197503708447, w=0.046815432273870194)","Workload(z0=0.01, z1=0.49, q=0.49, w=0.01)"
0.9500000000000001,1.2290532932319764,1.2290442474574679,1.2290438163047062,0.25,0.004816117398743512,1.9141260317755984e-05,"Workload(z0=0.01000776321667665, z1=0.4874215726052815, q=0.4921782705010051, w=0.010392393677036838)","Workload(z0=0.01, z1=0.49, q=0.49, w=0.01)"
0.9500000000000001,1.2290532932319764,1.2290442474574679,1.2290438163047062,1,0.004816117398743512,1.9141260317755984e-05,"Workload(z0=0.01000776321667665, z1=0.4874215726052815, q=0.4921782705010051, w=0.010392393677036838)","Workload(z0=0.01, z1=0.49, q=0.49, w=0.01)"
0.9500000000000001,1.2290532932319764,1.2290442474574679,1.2290438163047062,1.75,0.004816117398743512,1.9141260317755984e-05,"Workload(z0=0.01000776321667665, z1=0.4874215726052815, q=0.4921782705010051, w=0.010392393677036838)","Workload(z0=0.01, z1=0.49, q=0.49, w=0.01)"
1.0,1.2290532932319764,1.2290532932319764,1.229043816285115,0.25,0.01278552824903722,0.00016280163334528563,"Workload(z0=0.009743133678075137, z1=0.48151127757767626, q=0.49900245506617336, w=0.009743133678075137)","Workload(z0=0.01, z1=0.49, q=0.49, w=0.01)"
1.0,1.2290532932319764,1.2290532932319764,1.229043816285115,1,0.01278552824903722,0.00016280163334528563,"Workload(z0=0.009743133678075137, z1=0.48151127757767626, q=0.49900245506617336, w=0.009743133678075137)","Workload(z0=0.01, z1=0.49, q=0.49, w=0.01)"
1.0,1.2290532932319764,1.2290532932319764,1.229043816285115,1.75,0.01278552824903722,0.00016280163334528563,"Workload(z0=0.009743133678075137, z1=0.48151127757767626, q=0.49900245506617336, w=0.009743133678075137)","Workload(z0=0.01, z1=0.49, q=0.49, w=0.01)"
0.05,1.2290532932319764,1.2290532932319764,1.2290438163119655,0.25,0.7717138989083633,0.04443924223032411,"Workload(z0=0.007287834378436512, z1=0.4293799037195874, q=0.49410449018455443, w=0.06922777171742182)","Workload(z0=0.01, z1=0.49, q=0.49, w=0.01)"
0.05,1.2290532932319764,1.2290532932319764,1.2290438163119655,1,0.7717138989083633,0.04443924223032411,"Workload(z0=0.007287834378436512, z1=0.4293799037195874, q=0.49410449018455443, w=0.06922777171742182)","Workload(z0=0.01, z1=0.49, q=0.49, w=0.01)"
0.05,1.2290532932319764,1.2290532932319764,1.2290438163119655,1.75,0.7717138989083633,0.04443924223032411,"Workload(z0=0.007287834378436512, z1=0.4293799037195874, q=0.49410449018455443, w=0.06922777171742182)","Workload(z0=0.01, z1=0.49, q=0.49, w=0.01)"
0.1,1.2290526483102255,1.2569679302012713,1.2290438163696304,0.25,1.46115491100567,0.19767345871407876,"Workload(z0=0.21383377537551143, z1=0.39155114987993267, q=0.3859225607751116, w=0.008692513969444244)","Workload(z0=0.01, z1=0.49, q=0.49, w=0.01)"
0.1,1.2290532932319764,1.2569679302012713,1.2290438163696304,1,1.46115491100567,0.19767345871407876,"Workload(z0=0.21383377537551143, z1=0.39155114987993267, q=0.3859225607751116, w=0.008692513969444244)","Workload(z0=0.01, z1=0.49, q=0.49, w=0.01)"
0.1,1.2290532932319764,1.2569679302012713,1.2290438163696304,1.75,1.46115491100567,0.19767345871407876,"Workload(z0=0.21383377537551143, z1=0.39155114987993267, q=0.3859225607751116, w=0.008692513969444244)","Workload(z0=0.01, z1=0.49, q=0.49, w=0.01)"
0.15000000000000002,1.232790437918048,1.2446486530056873,1.2290438163087682,0.25,0.1930642377233336,0.1107748993548111,"Workload(z0=0.06329018076647341, z1=0.6326417113728271, q=0.2891838170695117, w=0.014884290791187822)","Workload(z0=0.01, z1=0.49, q=0.49, w=0.01)"
0.15000000000000002,1.2290449173319333,1.2446486530056873,1.2290438163087682,1,0.1930642377233336,0.1107748993548111,"Workload(z0=0.06329018076647341, z1=0.6326417113728271, q=0.2891838170695117, w=0.014884290791187822)","Workload(z0=0.01, z1=0.49, q=0.49, w=0.01)"
0.15000000000000002,1.2290532932319764,1.2446486530056873,1.2290438163087682,1.75,0.1930642377233336,0.1107748993548111,"Workload(z0=0.06329018076647341, z1=0.6326417113728271, q=0.2891838170695117, w=0.014884290791187822)","Workload(z0=0.01, z1=0.49, q=0.49, w=0.01)"
0.2,1.2290532932319764,1.2290605726572723,1.2290438163088957,0.25,0.1581040972828279,0.018815554476161594,"Workload(z0=0.011756622709269905, z1=0.4666263176186003, q=0.4791832513731516, w=0.04243380829897814)","Workload(z0=0.01, z1=0.49, q=0.49, w=0.01)"
0.2,1.2290532932319764,1.2290605726572723,1.2290438163088957,1,0.1581040972828279,0.018815554476161594,"Workload(z0=0.011756622709269905, z1=0.4666263176186003, q=0.4791832513731516, w=0.04243380829897814)","Workload(z0=0.01, z1=0.49, q=0.49, w=0.01)"
0.2,1.2290532932319764,1.2290605726572723,1.2290438163088957,1.75,0.1581040972828279,0.018815554476161594,"Workload(z0=0.011756622709269905, z1=0.4666263176186003, q=0.4791832513731516, w=0.04243380829897814)","Workload(z0=0.01, z1=0.49, q=0.49, w=0.01)"
0.25,1.2290532932319764,1.2291944623469502,1.2290438163117383,0.25,0.13653127318518316,0.02417606042867925,"Workload(z0=0.010150473974682151, z1=0.5133017325251052, q=0.43167100420416, w=0.044876789296052606)","Workload(z0=0.01, z1=0.49, q=0.49, w=0.01)"
0.25,1.2290532932319764,1.2291944623469502,1.2290438163117383,1,0.13653127318518316,0.02417606042867925,"Workload(z0=0.010150473974682151, z1=0.5133017325251052, q=0.43167100420416, w=0.044876789296052606)","Workload(z0=0.01, z1=0.49, q=0.49, w=0.01)"
0.25,1.2290532932319764,1.2291944623469502,1.2290438163117383,1.75,0.13653127318518316,0.02417606042867925,"Workload(z0=0.010150473974682151, z1=0.5133017325251052, q=0.43167100420416, w=0.044876789296052606)","Workload(z0=0.01, z1=0.49, q=0.49, w=0.01)"
0.3,1.2290532932319764,1.2290509284536695,1.2290438163084565,0.25,0.09741625093224983,8.42720068383304e-05,"Workload(z0=0.010258716519771203, z1=0.4959023644117602, q=0.48358020254869727, w=0.010258716519771203)","Workload(z0=0.01, z1=0.49, q=0.49, w=0.01)"
0.3,1.2290532932319764,1.2290509284536695,1.2290438163084565,1,0.09741625093224983,8.42720068383304e-05,"Workload(z0=0.010258716519771203, z1=0.4959023644117602, q=0.48358020254869727, w=0.010258716519771203)","Workload(z0=0.01, z1=0.49, q=0.49, w=0.01)"
0.3,1.2290532932319764,1.2290509284536695,1.2290438163084565,1.75,0.09741625093224983,8.42720068383304e-05,"Workload(z0=0.010258716519771203, z1=0.4959023644117602, q=0.48358020254869727, w=0.010258716519771203)","Workload(z0=0.01, z1=0.49, q=0.49, w=0.01)"
0.35000000000000003,1.2331401353081188,1.2378837150414608,1.229043816308747,0.25,0.08016819040082716,0.03778727274943449,"Workload(z0=0.06236125996738725, z1=0.48444143037226567, q=0.4386407181669323, w=0.014556591493414723)","Workload(z0=0.01, z1=0.49, q=0.49, w=0.01)"
0.35000000000000003,1.2383742265581277,1.2378837150414608,1.229043816308747,1,0.08016819040082716,0.03778727274943449,"Workload(z0=0.06236125996738725, z1=0.48444143037226567, q=0.4386407181669323, w=0.014556591493414723)","Workload(z0=0.01, z1=0.49, q=0.49, w=0.01)"
0.35000000000000003,1.2290532932319764,1.2378837150414608,1.229043816308747,1.75,0.08016819040082716,0.03778727274943449,"Workload(z0=0.06236125996738725, z1=0.48444143037226567, q=0.4386407181669323, w=0.014556591493414723)","Workload(z0=0.01, z1=0.49, q=0.49, w=0.01)"
0.4,1.229299725582589,1.2307836717297067,1.2290438163202853,0.25,0.0257833279073747,0.01533937117400964,"Workload(z0=0.03155789092662898, z1=0.43101050018970294, q=0.5279327982541965, w=0.009498810629471605)","Workload(z0=0.01, z1=0.49, q=0.49, w=0.01)"
0.4,1.2290532932319764,1.2307836717297067,1.2290438163202853,1,0.0257833279073747,0.01533937117400964,"Workload(z0=0.03155789092662898, z1=0.43101050018970294, q=0.5279327982541965, w=0.009498810629471605)","Workload(z0=0.01, z1=0.49, q=0.49, w=0.01)"
0.4,1.2290532932319764,1.2307836717297067,1.2290438163202853,1.75,0.0257833279073747,0.01533937117400964,"Workload(z0=0.03155789092662898, z1=0.43101050018970294, q=0.5279327982541965, w=0.009498810629471605)","Workload(z0=0.01, z1=0.49, q=0.49, w=0.01)"
0.45,1.2290532932319764,1.229045335837947,1.229043816345455,0.25,0.06677088813186513,9.961020339157016e-06,"Workload(z0=0.010302042933854862, z1=0.4903358335833184, q=0.4890600805489718, w=0.010302042933854862)","Workload(z0=0.01, z1=0.49, q=0.49, w=0.01)"
0.45,1.2290532932319764,1.229045335837947,1.229043816345455,1,0.06677088813186513,9.961020339157016e-06,"Workload(z0=0.010302042933854862, z1=0.4903358335833184, q=0.4890600805489718, w=0.010302042933854862)","Workload(z0=0.01, z1=0.49, q=0.49, w=0.01)"
0.45,1.2290532932319764,1.229045335837947,1.229043816345455,1.75,0.06677088813186513,9.961020339157016e-06,"Workload(z0=0.010302042933854862, z1=0.4903358335833184, q=0.4890600805489718, w=0.010302042933854862)","Workload(z0=0.01, z1=0.49, q=0.49, w=0.01)"
0.5,1.2290532932319764,1.2290502833089811,1.2290438163725121,0.25,0.017432756951924675,0.0010137461660604157,"Workload(z0=0.010896271993288251, z1=0.4852051170065933, q=0.4888818612925334, w=0.01501674970758497)","Workload(z0=0.01, z1=0.49, q=0.49, w=0.01)"
0.5,1.2290532932319764,1.2290502833089811,1.2290438163725121,1,0.017432756951924675,0.0010137461660604157,"Workload(z0=0.010896271993288251, z1=0.4852051170065933, q=0.4888818612925334, w=0.01501674970758497)","Workload(z0=0.01, z1=0.49, q=0.49, w=0.01)"
0.5,1.2290532932319764,1.2290502833089811,1.2290438163725121,1.75,0.017432756951924675,0.0010137461660604157,"Workload(z0=0.010896271993288251, z1=0.4852051170065933, q=0.4888818612925334, w=0.01501674970758497)","Workload(z0=0.01, z1=0.49, q=0.49, w=0.01)"
0.55,1.2290532932319764,1.2290532932319764,1.2290438163476534,0.25,0.03360621431934732,0.012908779119515996,"Workload(z0=0.009199000708316682, z1=0.4701491972260917, q=0.4856935695234574, w=0.03495823254213408)","Workload(z0=0.01, z1=0.49, q=0.49, w=0.01)"
0.55,1.2290532932319764,1.2290532932319764,1.2290438163476534,1,0.03360621431934732,0.012908779119515996,"Workload(z0=0.009199000708316682, z1=0.4701491972260917, q=0.4856935695234574, w=0.03495823254213408)","Workload(z0=0.01, z1=0.49, q=0.49, w=0.01)"
0.55,1.2290532932319764,1.2290532932319764,1.2290438163476534,1.75,0.03360621431934732,0.012908779119515996,"Workload(z0=0.009199000708316682, z1=0.4701491972260917, q=0.4856935695234574, w=0.03495823254213408)","Workload(z0=0.01, z1=0.49, q=0.49, w=0.01)"
0.6000000000000001,1.229465725913728,1.2300587707492467,1.2290438163513815,0.25,0.01634163994422412,0.006101573860907168,"Workload(z0=0.020144548230640144, z1=0.49188544155306624, q=0.46914289683931415, w=0.018827113376979333)","Workload(z0=0.01, z1=0.49, q=0.49, w=0.01)"
0.6000000000000001,1.2290471681847714,1.2300587707492467,1.2290438163513815,1,0.01634163994422412,0.006101573860907168,"Workload(z0=0.020144548230640144, z1=0.49188544155306624, q=0.46914289683931415, w=0.018827113376979333)","Workload(z0=0.01, z1=0.49, q=0.49, w=0.01)"
0.6000000000000001,1.2290532932319764,1.2300587707492467,1.2290438163513815,1.75,0.01634163994422412,0.006101573860907168,"Workload(z0=0.020144548230640144, z1=0.49188544155306624, q=0.46914289683931415, w=0.018827113376979333)","Workload(z0=0.01, z1=0.49, q=0.49, w=0.01)"
0.6500000000000001,1.2290532932319764,1.2290544547700004,1.229043816298861,0.25,0.018799167556479104,0.00025078699947575283,"Workload(z0=0.010017374159751527, z1=0.5010655139484482, q=0.4788997377320487, w=0.010017374159751527)","Workload(z0=0.01, z1=0.49, q=0.49, w=0.01)"
0.6500000000000001,1.2290532932319764,1.2290544547700004,1.229043816298861,1,0.018799167556479104,0.00025078699947575283,"Workload(z0=0.010017374159751527, z1=0.5010655139484482, q=0.4788997377320487, w=0.010017374159751527)","Workload(z0=0.01, z1=0.49, q=0.49, w=0.01)"
0.6500000000000001,1.2290532932319764,1.2290544547700004,1.229043816298861,1.75,0.018799167556479104,0.00025078699947575283,"Workload(z0=0.010017374159751527, z1=0.5010655139484482, q=0.4788997377320487, w=0.010017374159751527)","Workload(z0=0.01, z1=0.49, q=0.49, w=0.01)"
0.7000000000000001,1.2290532932319764,1.2290532932319764,1.2290438163312771,0.25,0.016139706382306947,0.0035143851530451123,"Workload(z0=0.01027869656479529, z1=0.4692184004365819, q=0.500760505968214, w=0.019742397030408775)","Workload(z0=0.01, z1=0.49, q=0.49, w=0.01)"
0.7000000000000001,1.2290532932319764,1.2290532932319764,1.2290438163312771,1,0.016139706382306947,0.0035143851530451123,"Workload(z0=0.01027869656479529, z1=0.4692184004365819, q=0.500760505968214, w=0.019742397030408775)","Workload(z0=0.01, z1=0.49, q=0.49, w=0.01)"
0.7000000000000001,1.2290532932319764,1.2290532932319764,1.2290438163312771,1.75,0.016139706382306947,0.0035143851530451123,"Workload(z0=0.01027869656479529, z1=0.4692184004365819, q=0.500760505968214, w=0.019742397030408775)","Workload(z0=0.01, z1=0.49, q=0.49, w=0.01)"
0.7500000000000001,1.2290532932319764,1.2290476485896746,1.2290438163080755,0.25,0.007155138434676377,0.0001510098302356063,"Workload(z0=0.009876859763163895, z1=0.48414378759062204, q=0.4945446705237975, w=0.01143468212241662)","Workload(z0=0.01, z1=0.49, q=0.49, w=0.01)"
0.7500000000000001,1.2290532932319764,1.2290476485896746,1.2290438163080755,1,0.007155138434676377,0.0001510098302356063,"Workload(z0=0.009876859763163895, z1=0.48414378759062204, q=0.4945446705237975, w=0.01143468212241662)","Workload(z0=0.01, z1=0.49, q=0.49, w=0.01)"
0.7500000000000001,1.2290532932319764,1.2290476485896746,1.2290438163080755,1.75,0.007155138434676377,0.0001510098302356063,"Workload(z0=0.009876859763163895, z1=0.48414378759062204, q=0.4945446705237975, w=0.01143468212241662)","Workload(z0=0.01, z1=0.49, q=0.49, w=0.01)"
0.8,1.2290532932319764,1.2290506133479917,1.2290438163033333,0.25,0.013106611752352828,0.00015282447270737422,"Workload(z0=0.010028020921975078, z1=0.49862209942283453, q=0.48132185873321537, w=0.010028020921975078)","Workload(z0=0.01, z1=0.49, q=0.49, w=0.01)"
0.8,1.2290532932319764,1.2290506133479917,1.2290438163033333,1,0.013106611752352828,0.00015282447270737422,"Workload(z0=0.010028020921975078, z1=0.49862209942283453, q=0.48132185873321537, w=0.010028020921975078)","Workload(z0=0.01, z1=0.49, q=0.49, w=0.01)"
0.8,1.2290532932319769,1.2290506133479917,1.2290438163033333,1.75,0.013106611752352828,0.00015282447270737422,"Workload(z0=0.010028020921975078, z1=0.49862209942283453, q=0.48132185873321537, w=0.010028020921975078)","Workload(z0=0.01, z1=0.49, q=0.49, w=0.01)"
0.8500000000000001,1.2290532932319764,1.2294359913014694,1.229043816303513,0.25,0.04816328148501955,0.0013481824135869367,"Workload(z0=0.01582695390766724, z1=0.49393066871156305, q=0.48052100612066373, w=0.00972137126010597)","Workload(z0=0.01, z1=0.49, q=0.49, w=0.01)"
0.8500000000000001,1.2290532932319764,1.2294359913014694,1.229043816303513,1,0.04816328148501955,0.0013481824135869367,"Workload(z0=0.01582695390766724, z1=0.49393066871156305, q=0.48052100612066373, w=0.00972137126010597)","Workload(z0=0.01, z1=0.49, q=0.49, w=0.01)"
0.8500000000000001,1.2290532932319764,1.2294359913014694,1.229043816303513,1.75,0.04816328148501955,0.0013481824135869367,"Workload(z0=0.01582695390766724, z1=0.49393066871156305, q=0.48052100612066373, w=0.00972137126010597)","Workload(z0=0.01, z1=0.49, q=0.49, w=0.01)"
0.9000000000000001,1.229047996757264,1.2293700539474048,1.2290438162882962,0.25,0.02844483363685194,0.0021080603605195237,"Workload(z0=0.017054111910946065, z1=0.47314538442638976, q=0.49970498579905165, w=0.01009551786361236)","Workload(z0=0.01, z1=0.49, q=0.49, w=0.01)"
0.9000000000000001,1.2290532932319764,1.2293700539474048,1.2290438162882962,1,0.02844483363685194,0.0021080603605195237,"Workload(z0=0.017054111910946065, z1=0.47314538442638976, q=0.49970498579905165, w=0.01009551786361236)","Workload(z0=0.01, z1=0.49, q=0.49, w=0.01)"
0.9000000000000001,1.2290532932319764,1.2293700539474048,1.2290438162882962,1.75,0.02844483363685194,0.0021080603605195237,"Workload(z0=0.017054111910946065, z1=0.47314538442638976, q=0.49970498579905165, w=0.01009551786361236)","Workload(z0=0.01, z1=0.49, q=0.49, w=0.01)"
0.9500000000000001,1.2290532932319764,1.2290725055161729,1.2290438163725121,0.25,0.04202244085992375,0.000333515735714156,"Workload(z0=0.011837422349226821, z1=0.4850899088768944, q=0.4911965362484946, w=0.011876132525384065)","Workload(z0=0.01, z1=0.49, q=0.49, w=0.01)"
0.9500000000000001,1.2290532932319764,1.2290725055161729,1.2290438163725121,1,0.04202244085992375,0.000333515735714156,"Workload(z0=0.011837422349226821, z1=0.4850899088768944, q=0.4911965362484946, w=0.011876132525384065)","Workload(z0=0.01, z1=0.49, q=0.49, w=0.01)"
0.9500000000000001,1.2290532932319764,1.2290725055161729,1.2290438163725121,1.75,0.04202244085992375,0.000333515735714156,"Workload(z0=0.011837422349226821, z1=0.4850899088768944, q=0.4911965362484946, w=0.011876132525384065)","Workload(z0=0.01, z1=0.49, q=0.49, w=0.01)"
1.0,1.2290532932319764,1.2291031779441401,1.229043816306288,0.25,0.019041736498114085,0.000380197317742413,"Workload(z0=0.012752158819862346, z1=0.48352602970335024, q=0.4938580310574538, w=0.009863780419333416)","Workload(z0=0.01, z1=0.49, q=0.49, w=0.01)"
1.0,1.2290532932319764,1.2291031779441401,1.229043816306288,1,0.019041736498114085,0.000380197317742413,"Workload(z0=0.012752158819862346, z1=0.48352602970335024, q=0.4938580310574538, w=0.009863780419333416)","Workload(z0=0.01, z1=0.49, q=0.49, w=0.01)"
1.0,1.2290532932319764,1.2291031779441401,1.229043816306288,1.75,0.019041736498114085,0.000380197317742413,"Workload(z0=0.012752158819862346, z1=0.48352602970335024, q=0.4938580310574538, w=0.009863780419333416)","Workload(z0=0.01, z1=0.49, q=0.49, w=0.01)"
0.05,1.2444394526839584,1.2716350859704144,1.2290438163703987,0.25,0.6350972798211237,0.3888526324560233,"Workload(z0=0.3541358249638634, z1=0.3381543499400303, q=0.3008905087191388, w=0.006819316376967505)","Workload(z0=0.01, z1=0.49, q=0.49, w=0.01)"
0.05,1.229048487600951,1.2716350859704144,1.2290438163703987,1,0.6350972798211237,0.3888526324560233,"Workload(z0=0.3541358249638634, z1=0.3381543499400303, q=0.3008905087191388, w=0.006819316376967505)","Workload(z0=0.01, z1=0.49, q=0.49, w=0.01)"
0.05,1.2290532932319764,1.2716350859704144,1.2290438163703987,1.75,0.6350972798211237,0.3888526324560233,"Workload(z0=0.3541358249638634, z1=0.3381543499400303, q=0.3008905087191388, w=0.006819316376967505)","Workload(z0=0.01, z1=0.49, q=0.49, w=0.01)"
0.1,1.2290532932319764,1.2333423446159792,1.2290438163085775,0.25,0.3644104287559364,0.10290944796508796,"Workload(z0=0.012627483198360502, z1=0.6730838175576835, q=0.28074992830088075, w=0.03353877094307528)","Workload(z0=0.01, z1=0.49, q=0.49, w=0.01)"
0.1,1.2290532932319764,1.2333423446159792,1.2290438163085775,1,0.3644104287559364,0.10290944796508796,"Workload(z0=0.012627483198360502, z1=0.6730838175576835, q=0.28074992830088075, w=0.03353877094307528)","Workload(z0=0.01, z1=0.49, q=0.49, w=0.01)"
0.1,1.2290532932319764,1.2333423446159792,1.2290438163085775,1.75,0.3644104287559364,0.10290944796508796,"Workload(z0=0.012627483198360502, z1=0.6730838175576835, q=0.28074992830088075, w=0.03353877094307528)","Workload(z0=0.01, z1=0.49, q=0.49, w=0.01)"
0.15000000000000002,1.2300300259302692,1.2380212583197792,1.2290438163841984,0.25,0.16035524228064754,0.054041785991581104,"Workload(z0=0.07686391818725506, z1=0.40973908940792436, q=0.5033920379463256, w=0.010004954458494981)","Workload(z0=0.01, z1=0.49, q=0.49, w=0.01)"
0.15000000000000002,1.2290532932319764,1.2380212583197792,1.2290438163841984,1,0.16035524228064754,0.054041785991581104,"Workload(z0=0.07686391818725506, z1=0.40973908940792436, q=0.5033920379463256, w=0.010004954458494981)","Workload(z0=0.01, z1=0.49, q=0.49, w=0.01)"
0.15000000000000002,1.2290532932319764,1.2380212583197792,1.2290438163841984,1.75,0.16035524228064754,0.054041785991581104,"Workload(z0=0.07686391818725506, z1=0.40973908940792436, q=0.5033920379463256, w=0.010004954458494981)","Workload(z0=0.01, z1=0.49, q=0.49, w=0.01)"
0.2,1.2290532932319764,1.229074349119914,1.2290438163725121,0.25,0.23276895493407276,0.03450122969924321,"Workload(z0=0.009317189791864034, z1=0.4934832202618542, q=0.4379191519930626, w=0.05928043795321915)","Workload(z0=0.01, z1=0.49, q=0.49, w=0.01)"
0.2,1.2290532932319764,1.229074349119914,1.2290438163725121,1,0.23276895493407276,0.03450122969924321,"Workload(z0=0.009317189791864034, z1=0.4934832202618542, q=0.4379191519930626, w=0.05928043795321915)","Workload(z0=0.01, z1=0.49, q=0.49, w=0.01)"
0.2,1.2290532932319764,1.229074349119914,1.2290438163725121,1.75,0.23276895493407276,0.03450122969924321,"Workload(z0=0.009317189791864034, z1=0.4934832202618542, q=0.4379191519930626, w=0.05928043795321915)","Workload(z0=0.01, z1=0.49, q=0.49, w=0.01)"
0.25,1.2290532932319764,1.229049441410107,1.2290438163057804,0.25,0.08268677592882642,3.50202620113972e-05,"Workload(z0=0.01049245810959072, z1=0.4918311931324067, q=0.4871838906484117, w=0.01049245810959072)","Workload(z0=0.01, z1=0.49, q=0.49, w=0.01)"
0.25,1.2290532932319767,1.229049441410107,1.2290438163057804,1,0.08268677592882642,3.50202620113972e-05,"Workload(z0=0.01049245810959072, z1=0.4918311931324067, q=0.4871838906484117, w=0.01049245810959072)","Workload(z0=0.01, z1=0.49, q=0.49, w=0.01)"
0.25,1.2290532932319764,1.229049441410107,1.2290438163057804,1.75,0.08268677592882642,3.50202620113972e-05,"Workload(z0=0.01049245810959072, z1=0.4918311931324067, q=0.4871838906484117, w=0.01049245810959072)","Workload(z0=0.01, z1=0.49, q=0.49, w=0.01)"
0.3,1.2290532932319764,1.2290834731409466,1.2290438163105406,0.25,0.05261633947331949,0.021488096253921826,"Workload(z0=0.010344397260053253, z1=0.49043131604183243, q=0.45404976821911885, w=0.045174518478995375)","Workload(z0=0.01, z1=0.49, q=0.49, w=0.01)"
0.3,1.2290611203042885,1.2290834731409466,1.2290438163105406,1,0.05261633947331949,0.021488096253921826,"Workload(z0=0.010344397260053253, z1=0.49043131604183243, q=0.45404976821911885, w=0.045174518478995375)","Workload(z0=0.01, z1=0.49, q=0.49, w=0.01)"
0.3,1.2290532932319764,1.2290834731409466,1.2290438163105406,1.75,0.05261633947331949,0.021488096253921826,"Workload(z0=0.010344397260053253, z1=0.49043131604183243, q=0.45404976821911885, w=0.045174518478995375)","Workload(z0=0.01, z1=0.49, q=0.49, w=0.01)"
0.35000000000000003,1.2290532932319764,1.2290532932319764,1.2290438163745052,0.25,0.027743242441688395,0.002179245125364747,"Workload(z0=0.009746873238434785, z1=0.4576446371108381, q=0.5228616164122923, w=0.009746873238434785)","Workload(z0=0.01, z1=0.49, q=0.49, w=0.01)"
0.35000000000000003,1.2290532932319764,1.2290532932319764,1.2290438163745052,1,0.027743242441688395,0.002179245125364747,"Workload(z0=0.009746873238434785, z1=0.4576446371108381, q=0.5228616164122923, w=0.009746873238434785)","Workload(z0=0.01, z1=0.49, q=0.49, w=0.01)"
0.35000000000000003,1.2290532932319764,1.2290532932319764,1.2290438163745052,1.75,0.027743242441688395,0.002179245125364747,"Workload(z0=0.009746873238434785, z1=0.4576446371108381, q=0.5228616164122923, w=0.009746873238434785)","Workload(z0=0.01, z1=0.49, q=0.49, w=0.01)"
0.4,1.2290532932319767,1.2290532932319764,1.2290438163227462,0.25,0.05234355158912266,0.0066902556977384755,"Workload(z0=0.010755881140858022, z1=0.44387258341309327, q=0.5252373222516097, w=0.020134213194439)","Workload(z0=0.01, z1=0.49, q=0.49, w=0.01)"
0.4,1.2290532932319764,1.2290532932319764,1.2290438163227462,1,0.05234355158912266,0.0066902556977384755,"Workload(z0=0.010755881140858022, z1=0.44387258341309327, q=0.5252373222516097, w=0.020134213194439)","Workload(z0=0.01, z1=0.49, q=0.49, w=0.01)"
0.4,1.2290532932319764,1.2290532932319764,1.2290438163227462,1.75,0.05234355158912266,0.0066902556977384755,"Workload(z0=0.010755881140858022, z1=0.44387258341309327, q=0.5252373222516097, w=0.020134213194439)","Workload(z0=0.01, z1=0.49, q=0.49, w=0.01)"
0.45,1.2378693820139532,1.2379347553533973,1.2290438163725121,0.25,0.07262748379379241,0.06646398277393054,"Workload(z0=0.04570422626603048, z1=0.5641611341458549, q=0.350223446380201, w=0.03991119320791357)","Workload(z0=0.01, z1=0.49, q=0.49, w=0.01)"
0.45,1.229424308144808,1.2379347553533973,1.2290438163725121,1,0.07262748379379241,0.06646398277393054,"Workload(z0=0.04570422626603048, z1=0.5641611341458549, q=0.350223446380201, w=0.03991119320791357)","Workload(z0=0.01, z1=0.49, q=0.49, w=0.01)"
0.45,1.2290467910042848,1.2379347553533973,1.2290438163725121,1.75,0.07262748379379241,0.06646398277393054,"Workload(z0=0.04570422626603048, z1=0.5641611341458549, q=0.350223446380201, w=0.03991119320791357)","Workload(z0=0.01, z1=0.49, q=0.49, w=0.01)"
0.5,1.2290532932319764,1.2290549443109688,1.2290438163169757,0.25,0.04691537265680405,0.00030607093220760774,"Workload(z0=0.009944755991777259, z1=0.5022948783397201, q=0.47781560967672543, w=0.009944755991777259)","Workload(z0=0.01, z1=0.49, q=0.49, w=0.01)"
0.5,1.2290532932319764,1.2290549443109688,1.2290438163169757,1,0.04691537265680405,0.00030607093220760774,"Workload(z0=0.009944755991777259, z1=0.5022948783397201, q=0.47781560967672543, w=0.009944755991777259)","Workload(z0=0.01, z1=0.49, q=0.49, w=0.01)"
0.5,1.2290532932319764,1.2290549443109688,1.2290438163169757,1.75,0.04691537265680405,0.00030607093220760774,"Workload(z0=0.009944755991777259, z1=0.5022948783397201, q=0.47781560967672543, w=0.009944755991777259)","Workload(z0=0.01, z1=0.49, q=0.49, w=0.01)"
0.55,1.2290455226411092,1.2290535168550303,1.2290438163508226,0.25,0.015905462856959783,0.011784229159520319,"Workload(z0=0.010675221801399555, z1=0.4810305522395041, q=0.4747561017667227, w=0.03353812419237375)","Workload(z0=0.01, z1=0.49, q=0.49, w=0.01)"
0.55,1.2290532932319764,1.2290535168550303,1.2290438163508226,1,0.015905462856959783,0.011784229159520319,"Workload(z0=0.010675221801399555, z1=0.4810305522395041, q=0.4747561017667227, w=0.03353812419237375)","Workload(z0=0.01, z1=0.49, q=0.49, w=0.01)"
0.55,1.2290532932319764,1.2290535168550303,1.2290438163508226,1.75,0.015905462856959783,0.011784229159520319,"Workload(z0=0.010675221801399555, z1=0.4810305522395041, q=0.4747561017667227, w=0.03353812419237375)","Workload(z0=0.01, z1=0.49, q=0.49, w=0.01)"
0.6000000000000001,1.2294965964165054,1.229481495377853,1.2290438163725121,0.25,0.02908611613376723,0.0015613702769043535,"Workload(z0=0.015529759442115949, z1=0.5013311487299199, q=0.4729715722569727, w=0.010167519570991218)","Workload(z0=0.01, z1=0.49, q=0.49, w=0.01)"
0.6000000000000001,1.2290532932319764,1.229481495377853,1.2290438163725121,1,0.02908611613376723,0.0015613702769043535,"Workload(z0=0.015529759442115949, z1=0.5013311487299199, q=0.4729715722569727, w=0.010167519570991218)","Workload(z0=0.01, z1=0.49, q=0.49, w=0.01)"
0.6000000000000001,1.2290532932319764,1.229481495377853,1.2290438163725121,1.75,0.02908611613376723,0.0015613702769043535,"Workload(z0=0.015529759442115949, z1=0.5013311487299199, q=0.4729715722569727, w=0.010167519570991218)","Workload(z0=0.01, z1=0.49, q=0.49, w=0.01)"
0.6500000000000001,1.2290532932319764,1.2290677533085848,1.2290438163720838,0.25,0.026795812184901957,0.0015038919044316746,"Workload(z0=0.013333050803252517, z1=0.46589014608221585, q=0.5108979403768389, w=0.009878862737692876)","Workload(z0=0.01, z1=0.49, q=0.49, w=0.01)"
0.6500000000000001,1.2290532932319764,1.2290677533085848,1.2290438163720838,1,0.026795812184901957,0.0015038919044316746,"Workload(z0=0.013333050803252517, z1=0.46589014608221585, q=0.5108979403768389, w=0.009878862737692876)","Workload(z0=0.01, z1=0.49, q=0.49, w=0.01)"
0.6500000000000001,1.2290532932319764,1.2290677533085848,1.2290438163720838,1.75,0.026795812184901957,0.0015038919044316746,"Workload(z0=0.013333050803252517, z1=0.46589014608221585, q=0.5108979403768389, w=0.009878862737692876)","Workload(z0=0.01, z1=0.49, q=0.49, w=0.01)"
0.7000000000000001,1.2290532932319764,1.2291172130238945,1.2290438163704358,0.25,0.017454288731891535,0.001445812756730917,"Workload(z0=0.01027763246532339, z1=0.5162333568633654, q=0.46321137820598796, w=0.01027763246532339)","Workload(z0=0.01, z1=0.49, q=0.49, w=0.01)"
0.7000000000000001,1.2290532932319764,1.2291172130238945,1.2290438163704358,1,0.017454288731891535,0.001445812756730917,"Workload(z0=0.01027763246532339, z1=0.5162333568633654, q=0.46321137820598796, w=0.01027763246532339)","Workload(z0=0.01, z1=0.49, q=0.49, w=0.01)"
0.7000000000000001,1.2290532932319764,1.2291172130238945,1.2290438163704358,1.75,0.017454288731891535,0.001445812756730917,"Workload(z0=0.01027763246532339, z1=0.5162333568633654, q=0.46321137820598796, w=0.01027763246532339)","Workload(z0=0.01, z1=0.49, q=0.49, w=0.01)"
0.7500000000000001,1.2290532932319764,1.2290438384299387,1.2290438163706134,0.25,0.016636261148580748,8.022069639590154e-06,"Workload(z0=0.009828441841899382, z1=0.49173495171996334, q=0.4886081645962379, w=0.009828441841899382)","Workload(z0=0.01, z1=0.49, q=0.49, w=0.01)"
0.7500000000000001,1.2290532932319764,1.2290438384299387,1.2290438163706134,1,0.016636261148580748,8.022069639590154e-06,"Workload(z0=0.009828441841899382, z1=0.49173495171996334, q=0.4886081645962379, w=0.009828441841899382)","Workload(z0=0.01, z1=0.49, q=0.49, w=0.01)"
0.7500000000000001,1.2290532932319764,1.2290438384299387,1.2290438163706134,1.75,0.016636261148580748,8.022069639590154e-06,"Workload(z0=0.009828441841899382, z1=0.49173495171996334, q=0.4886081645962379, w=0.009828441841899382)","Workload(z0=0.01, z1=0.49, q=0.49, w=0.01)"
0.8,1.2290532932319764,1.2290758250795863,1.2290438163706485,0.25,0.03823428600798986,0.012623665101670452,"Workload(z0=0.009921090771570683, z1=0.49909403171082545, q=0.45748416104998807, w=0.03350071646761577)","Workload(z0=0.01, z1=0.49, q=0.49, w=0.01)"
0.8,1.2290532932319769,1.2290758250795863,1.2290438163706485,1,0.03823428600798986,0.012623665101670452,"Workload(z0=0.009921090771570683, z1=0.49909403171082545, q=0.45748416104998807, w=0.03350071646761577)","Workload(z0=0.01, z1=0.49, q=0.49, w=0.01)"
0.8,1.2290532932319764,1.2290758250795863,1.2290438163706485,1.75,0.03823428600798986,0.012623665101670452,"Workload(z0=0.009921090771570683, z1=0.49909403171082545, q=0.45748416104998807, w=0.03350071646761577)","Workload(z0=0.01, z1=0.49, q=0.49, w=0.01)"
0.8500000000000001,1.229060997472601,1.229075811043298,1.2290438163071435,0.25,0.023048200233128247,0.002174101735231548,"Workload(z0=0.011898585394751382, z1=0.48265168913205175, q=0.48783458181490313, w=0.01761514365829368)","Workload(z0=0.01, z1=0.49, q=0.49, w=0.01)"
0.8500000000000001,1.2290532932319764,1.229075811043298,1.2290438163071435,1,0.023048200233128247,0.002174101735231548,"Workload(z0=0.011898585394751382, z1=0.48265168913205175, q=0.48783458181490313, w=0.01761514365829368)","Workload(z0=0.01, z1=0.49, q=0.49, w=0.01)"
0.8500000000000001,1.2290532932319764,1.229075811043298,1.2290438163071435,1.75,0.023048200233128247,0.002174101735231548,"Workload(z0=0.011898585394751382, z1=0.48265168913205175, q=0.48783458181490313, w=0.01761514365829368)","Workload(z0=0.01, z1=0.49, q=0.49, w=0.01)"
0.9000000000000001,1.2291365873040265,1.230042509870895,1.229043816351188,0.25,0.021910376278921215,0.004356383904645914,"Workload(z0=0.02133340296526251, z1=0.4817814116555401, q=0.4834361723797646, w=0.013449012999432793)","Workload(z0=0.01, z1=0.49, q=0.49, w=0.01)"
0.9000000000000001,1.2290532932319764,1.230042509870895,1.229043816351188,1,0.021910376278921215,0.004356383904645914,"Workload(z0=0.02133340296526251, z1=0.4817814116555401, q=0.4834361723797646, w=0.013449012999432793)","Workload(z0=0.01, z1=0.49, q=0.49, w=0.01)"
0.9000000000000001,1.2290532932319764,1.230042509870895,1.229043816351188,1.75,0.021910376278921215,0.004356383904645914,"Workload(z0=0.02133340296526251, z1=0.4817814116555401, q=0.4834361723797646, w=0.013449012999432793)","Workload(z0=0.01, z1=0.49, q=0.49, w=0.01)"
0.9500000000000001,1.2290531623937198,1.2291001628753349,1.2290438163756172,0.25,0.023474349414988493,0.006404146277685371,"Workload(z0=0.011220490584267296, z1=0.4938311522067903, q=0.4698529359973109, w=0.02509542121163148)","Workload(z0=0.01, z1=0.49, q=0.49, w=0.01)"
0.9500000000000001,1.2290532932319764,1.2291001628753349,1.2290438163756172,1,0.023474349414988493,0.006404146277685371,"Workload(z0=0.011220490584267296, z1=0.4938311522067903, q=0.4698529359973109, w=0.02509542121163148)","Workload(z0=0.01, z1=0.49, q=0.49, w=0.01)"
0.9500000000000001,1.2290532932319764,1.2291001628753349,1.2290438163756172,1.75,0.023474349414988493,0.006404146277685371,"Workload(z0=0.011220490584267296, z1=0.4938311522067903, q=0.4698529359973109, w=0.02509542121163148)","Workload(z0=0.01, z1=0.49, q=0.49, w=0.01)"
1.0,1.2296449785143562,1.2308340078048645,1.2290438162841302,0.25,0.01634303204898447,0.006691595238427513,"Workload(z0=0.026169522424849087, z1=0.4839286808012493, q=0.4799743881046959, w=0.009927408669205714)","Workload(z0=0.01, z1=0.49, q=0.49, w=0.01)"
1.0,1.2290682484990514,1.2308340078048645,1.2290438162841302,1,0.01634303204898447,0.006691595238427513,"Workload(z0=0.026169522424849087, z1=0.4839286808012493, q=0.4799743881046959, w=0.009927408669205714)","Workload(z0=0.01, z1=0.49, q=0.49, w=0.01)"
1.0,1.2290532932319764,1.2308340078048645,1.2290438162841302,1.75,0.01634303204898447,0.006691595238427513,"Workload(z0=0.026169522424849087, z1=0.4839286808012493, q=0.4799743881046959, w=0.009927408669205714)","Workload(z0=0.01, z1=0.49, q=0.49, w=0.01)"
0.05,1.2363425641303283,1.262472381066181,1.2290438163772541,0.25,0.7059104308927459,0.3034181627713884,"Workload(z0=0.2841961014635706, z1=0.31706156657110196, q=0.37369927606008646, w=0.02504305590524091)","Workload(z0=0.01, z1=0.49, q=0.49, w=0.01)"
0.05,1.2290532932319764,1.262472381066181,1.2290438163772541,1,0.7059104308927459,0.3034181627713884,"Workload(z0=0.2841961014635706, z1=0.31706156657110196, q=0.37369927606008646, w=0.02504305590524091)","Workload(z0=0.01, z1=0.49, q=0.49, w=0.01)"
0.05,1.2290532932319764,1.262472381066181,1.2290438163772541,1.75,0.7059104308927459,0.3034181627713884,"Workload(z0=0.2841961014635706, z1=0.31706156657110196, q=0.37369927606008646, w=0.02504305590524091)","Workload(z0=0.01, z1=0.49, q=0.49, w=0.01)"
0.1,1.2290532932319764,1.2296371383654556,1.2290438163785458,0.25,0.6266006031216026,0.23466923907442527,"Workload(z0=0.015273687742236213, z1=0.3967693975185688, q=0.34830060604292035, w=0.23965630869627463)","Workload(z0=0.01, z1=0.49, q=0.49, w=0.01)"
0.1,1.2290532932319764,1.2296371383654556,1.2290438163785458,1,0.6266006031216026,0.23466923907442527,"Workload(z0=0.015273687742236213, z1=0.3967693975185688, q=0.34830060604292035, w=0.23965630869627463)","Workload(z0=0.01, z1=0.49, q=0.49, w=0.01)"
0.1,1.2290532932319764,1.2296371383654556,1.2290438163785458,1.75,0.6266006031216026,0.23466923907442527,"Workload(z0=0.015273687742236213, z1=0.3967693975185688, q=0.34830060604292035, w=0.23965630869627463)","Workload(z0=0.01, z1=0.49, q=0.49, w=0.01)"
0.15000000000000002,1.2290532932319764,1.2290532932319764,1.2290438163667394,0.25,0.20072057868712306,0.014143329833239408,"Workload(z0=0.009634919219431156, z1=0.46456510766227477, q=0.4894384421080781, w=0.036361531010215935)","Workload(z0=0.01, z1=0.49, q=0.49, w=0.01)"
0.15000000000000002,1.2290532932319764,1.2290532932319764,1.2290438163667394,1,0.20072057868712306,0.014143329833239408,"Workload(z0=0.009634919219431156, z1=0.46456510766227477, q=0.4894384421080781, w=0.036361531010215935)","Workload(z0=0.01, z1=0.49, q=0.49, w=0.01)"
0.15000000000000002,1.2290532932319764,1.2290532932319764,1.2290438163667394,1.75,0.20072057868712306,0.014143329833239408,"Workload(z0=0.009634919219431156, z1=0.46456510766227477, q=0.4894384421080781, w=0.036361531010215935)","Workload(z0=0.01, z1=0.49, q=0.49, w=0.01)"
0.2,1.2290532932319764,1.2290532932319764,1.2290438163079311,0.25,0.09262653493387074,0.005970743062046879,"Workload(z0=0.010871023361442583, z1=0.4356291401827515, q=0.5426288130943633, w=0.010871023361442583)","Workload(z0=0.01, z1=0.49, q=0.49, w=0.01)"
0.2,1.2290532932319764,1.2290532932319764,1.2290438163079311,1,0.09262653493387074,0.005970743062046879,"Workload(z0=0.010871023361442583, z1=0.4356291401827515, q=0.5426288130943633, w=0.010871023361442583)","Workload(z0=0.01, z1=0.49, q=0.49, w=0.01)"
0.2,1.2290532932319764,1.2290532932319764,1.2290438163079311,1.75,0.09262653493387074,0.005970743062046879,"Workload(z0=0.010871023361442583, z1=0.4356291401827515, q=0.5426288130943633, w=0.010871023361442583)","Workload(z0=0.01, z1=0.49, q=0.49, w=0.01)"
0.25,1.2290532932319764,1.2290532932319764,1.2290438163082733,0.25,0.11846776481885793,0.01267436569173188,"Workload(z0=0.010887485982038661, z1=0.4111865373276012, q=0.5670384907083215, w=0.010887485982038661)","Workload(z0=0.01, z1=0.49, q=0.49, w=0.01)"
0.25,1.2290532932319764,1.2290532932319764,1.2290438163082733,1,0.11846776481885793,0.01267436569173188,"Workload(z0=0.010887485982038661, z1=0.4111865373276012, q=0.5670384907083215, w=0.010887485982038661)","Workload(z0=0.01, z1=0.49, q=0.49, w=0.01)"
0.25,1.2290532932319764,1.2290532932319764,1.2290438163082733,1.75,0.11846776481885793,0.01267436569173188,"Workload(z0=0.010887485982038661, z1=0.4111865373276012, q=0.5670384907083215, w=0.010887485982038661)","Workload(z0=0.01, z1=0.49, q=0.49, w=0.01)"
0.3,1.2292112015026104,1.231170209276216,1.2290438163616024,0.25,0.052370124288891845,0.0091987100124957,"Workload(z0=0.029633965331001027, z1=0.46981361811968964, q=0.49047705237738115, w=0.01007536417192815)","Workload(z0=0.01, z1=0.49, q=0.49, w=0.01)"
0.3,1.2290532932319764,1.231170209276216,1.2290438163616024,1,0.052370124288891845,0.0091987100124957,"Workload(z0=0.029633965331001027, z1=0.46981361811968964, q=0.49047705237738115, w=0.01007536417192815)","Workload(z0=0.01, z1=0.49, q=0.49, w=0.01)"
0.3,1.2290532932319764,1.231170209276216,1.2290438163616024,1.75,0.052370124288891845,0.0091987100124957,"Workload(z0=0.029633965331001027, z1=0.46981361811968964, q=0.49047705237738115, w=0.01007536417192815)","Workload(z0=0.01, z1=0.49, q=0.49, w=0.01)"
0.35000000000000003,1.2290532932319764,1.2290438962783643,1.2290438163720068,0.25,0.045733958549288425,0.07834357328525764,"Workload(z0=0.009240975836699363, z1=0.4527359938755397, q=0.4313490885904757, w=0.10667394169728507)","Workload(z0=0.01, z1=0.49, q=0.49, w=0.01)"
0.35000000000000003,1.2290532932319764,1.2290438962783643,1.2290438163720068,1,0.045733958549288425,0.07834357328525764,"Workload(z0=0.009240975836699363, z1=0.4527359938755397, q=0.4313490885904757, w=0.10667394169728507)","Workload(z0=0.01, z1=0.49, q=0.49, w=0.01)"
0.35000000000000003,1.2290532932319764,1.2290438962783643,1.2290438163720068,1.75,0.045733958549288425,0.07834357328525764,"Workload(z0=0.009240975836699363, z1=0.4527359938755397, q=0.4313490885904757, w=0.10667394169728507)","Workload(z0=0.01, z1=0.49, q=0.49, w=0.01)"
0.4,1.2290532932319764,1.2290532932319764,1.2290438163493396,0.25,0.05748577841356987,0.04866297266833632,"Workload(z0=0.00969789724989288, z1=0.43138340134460773, q=0.483968857038675, w=0.07494984436682452)","Workload(z0=0.01, z1=0.49, q=0.49, w=0.01)"
0.4,1.2290532932319764,1.2290532932319764,1.2290438163493396,1,0.05748577841356987,0.04866297266833632,"Workload(z0=0.00969789724989288, z1=0.43138340134460773, q=0.483968857038675, w=0.07494984436682452)","Workload(z0=0.01, z1=0.49, q=0.49, w=0.01)"
0.4,1.2290532932319764,1.2290532932319764,1.2290438163493396,1.75,0.05748577841356987,0.04866297266833632,"Workload(z0=0.00969789724989288, z1=0.43138340134460773, q=0.483968857038675, w=0.07494984436682452)","Workload(z0=0.01, z1=0.49, q=0.49, w=0.01)"
0.45,1.2290532932319764,1.2290524528791227,1.2290438163719446,0.25,0.030740480931773326,0.006349307269123314,"Workload(z0=0.009739599412623447, z1=0.47638560639774874, q=0.4883561843116962, w=0.025518609877931545)","Workload(z0=0.01, z1=0.49, q=0.49, w=0.01)"
0.45,1.2290532428094156,1.2290524528791227,1.2290438163719446,1,0.030740480931773326,0.006349307269123314,"Workload(z0=0.009739599412623447, z1=0.47638560639774874, q=0.4883561843116962, w=0.025518609877931545)","Workload(z0=0.01, z1=0.49, q=0.49, w=0.01)"
0.45,1.2290532932319764,1.2290524528791227,1.2290438163719446,1.75,0.030740480931773326,0.006349307269123314,"Workload(z0=0.009739599412623447, z1=0.47638560639774874, q=0.4883561843116962, w=0.025518609877931545)","Workload(z0=0.01, z1=0.49, q=0.49, w=0.01)"
0.5,1.232079036573387,1.2322317236301925,1.2290438163685142,0.25,0.06757273931559422,0.011442759614566532,"Workload(z0=0.031802685223912025, z1=0.5005336624991952, q=0.4580122962760306, w=0.009651356000862256)","Workload(z0=0.01, z1=0.49, q=0.49, w=0.01)"
0.5,1.2290532932319764,1.2322317236301925,1.2290438163685142,1,0.06757273931559422,0.011442759614566532,"Workload(z0=0.031802685223912025, z1=0.5005336624991952, q=0.4580122962760306, w=0.009651356000862256)","Workload(z0=0.01, z1=0.49, q=0.49, w=0.01)"
0.5,1.2290532932319764,1.2322317236301925,1.2290438163685142,1.75,0.06757273931559422,0.011442759614566532,"Workload(z0=0.031802685223912025, z1=0.5005336624991952, q=0.4580122962760306, w=0.009651356000862256)","Workload(z0=0.01, z1=0.49, q=0.49, w=0.01)"
0.55,1.2290532813449413,1.2290697274694269,1.2290438163722242,0.25,0.029696507719455888,0.00044863325875670225,"Workload(z0=0.010250303029749046, z1=0.5044612194136306, q=0.4750381745268712, w=0.010250303029749046)","Workload(z0=0.01, z1=0.49, q=0.49, w=0.01)"
0.55,1.2290532932319764,1.2290697274694269,1.2290438163722242,1,0.029696507719455888,0.00044863325875670225,"Workload(z0=0.010250303029749046, z1=0.5044612194136306, q=0.4750381745268712, w=0.010250303029749046)","Workload(z0=0.01, z1=0.49, q=0.49, w=0.01)"
0.55,1.2290532932319764,1.2290697274694269,1.2290438163722242,1.75,0.029696507719455888,0.00044863325875670225,"Workload(z0=0.010250303029749046, z1=0.5044612194136306, q=0.4750381745268712, w=0.010250303029749046)","Workload(z0=0.01, z1=0.49, q=0.49, w=0.01)"
0.6000000000000001,1.2297336821327491,1.230918439584352,1.2290438163552773,0.25,0.02483837266633884,0.006608235359262956,"Workload(z0=0.02431956636303887, z1=0.5054226985518796, q=0.4603066442573757, w=0.009951090827705948)","Workload(z0=0.01, z1=0.49, q=0.49, w=0.01)"
0.6000000000000001,1.2290475026912515,1.230918439584352,1.2290438163552773,1,0.02483837266633884,0.006608235359262956,"Workload(z0=0.02431956636303887, z1=0.5054226985518796, q=0.4603066442573757, w=0.009951090827705948)","Workload(z0=0.01, z1=0.49, q=0.49, w=0.01)"
0.6000000000000001,1.2290532932319764,1.230918439584352,1.2290438163552773,1.75,0.02483837266633884,0.006608235359262956,"Workload(z0=0.02431956636303887, z1=0.5054226985518796, q=0.4603066442573757, w=0.009951090827705948)","Workload(z0=0.01, z1=0.49, q=0.49, w=0.01)"
0.6500000000000001,1.2290532932319764,1.2290527564212177,1.2290438162874655,0.25,0.014809220399718043,0.009948088309100279,"Workload(z0=0.00988672886105602, z1=0.47121384825104995, q=0.48806491937811297, w=0.030834503509781012)","Workload(z0=0.01, z1=0.49, q=0.49, w=0.01)"
0.6500000000000001,1.2290532932319764,1.2290527564212177,1.2290438162874655,1,0.014809220399718043,0.009948088309100279,"Workload(z0=0.00988672886105602, z1=0.47121384825104995, q=0.48806491937811297, w=0.030834503509781012)","Workload(z0=0.01, z1=0.49, q=0.49, w=0.01)"
0.6500000000000001,1.2290532932319764,1.2290527564212177,1.2290438162874655,1.75,0.014809220399718043,0.009948088309100279,"Workload(z0=0.00988672886105602, z1=0.47121384825104995, q=0.48806491937811297, w=0.030834503509781012)","Workload(z0=0.01, z1=0.49, q=0.49, w=0.01)"
0.7000000000000001,1.2290532932319764,1.2290443140191256,1.2290438163725121,0.25,0.03065604519756242,1.8419642362441465e-05,"Workload(z0=0.010042492706753826, z1=0.4869685481052482, q=0.492946466481244, w=0.010042492706753826)","Workload(z0=0.01, z1=0.49, q=0.49, w=0.01)"
0.7000000000000001,1.2290532932319764,1.2290443140191256,1.2290438163725121,1,0.03065604519756242,1.8419642362441465e-05,"Workload(z0=0.010042492706753826, z1=0.4869685481052482, q=0.492946466481244, w=0.010042492706753826)","Workload(z0=0.01, z1=0.49, q=0.49, w=0.01)"
0.7000000000000001,1.2290532932319764,1.2290443140191256,1.2290438163725121,1.75,0.03065604519756242,1.8419642362441465e-05,"Workload(z0=0.010042492706753826, z1=0.4869685481052482, q=0.492946466481244, w=0.010042492706753826)","Workload(z0=0.01, z1=0.49, q=0.49, w=0.01)"
0.7500000000000001,1.2290531487846466,1.2290589529812688,1.2290438163099922,0.25,0.01681598634353929,0.00015674006513445246,"Workload(z0=0.01044757780796709, z1=0.4977339744200564, q=0.48137086996400935, w=0.01044757780796709)","Workload(z0=0.01, z1=0.49, q=0.49, w=0.01)"
0.7500000000000001,1.2290532932319764,1.2290589529812688,1.2290438163099922,1,0.01681598634353929,0.00015674006513445246,"Workload(z0=0.01044757780796709, z1=0.4977339744200564, q=0.48137086996400935, w=0.01044757780796709)","Workload(z0=0.01, z1=0.49, q=0.49, w=0.01)"
0.7500000000000001,1.2290532932319764,1.2290589529812688,1.2290438163099922,1.75,0.01681598634353929,0.00015674006513445246,"Workload(z0=0.01044757780796709, z1=0.4977339744200564, q=0.48137086996400935, w=0.01044757780796709)","Workload(z0=0.01, z1=0.49, q=0.49, w=0.01)"
0.8,1.2290532932319764,1.2290511338543026,1.2290438163725121,0.25,0.009266072782524597,0.0029484412190970482,"Workload(z0=0.012355000867203796, z1=0.46630763762680144, q=0.5037860306230025, w=0.017551330882992197)","Workload(z0=0.01, z1=0.49, q=0.49, w=0.01)"
0.8,1.229050633785274,1.2290511338543026,1.2290438163725121,1,0.009266072782524597,0.0029484412190970482,"Workload(z0=0.012355000867203796, z1=0.46630763762680144, q=0.5037860306230025, w=0.017551330882992197)","Workload(z0=0.01, z1=0.49, q=0.49, w=0.01)"
0.8,1.2290532932319764,1.2290511338543026,1.2290438163725121,1.75,0.009266072782524597,0.0029484412190970482,"Workload(z0=0.012355000867203796, z1=0.46630763762680144, q=0.5037860306230025, w=0.017551330882992197)","Workload(z0=0.01, z1=0.49, q=0.49, w=0.01)"
0.8500000000000001,1.2290532932319764,1.229332138628889,1.2290438162839046,0.25,0.03166658448596799,0.0011603739549444496,"Workload(z0=0.01393641435802918, z1=0.5042358844568313, q=0.4720077454507769, w=0.009819955734362727)","Workload(z0=0.01, z1=0.49, q=0.49, w=0.01)"
0.8500000000000001,1.2290532932319764,1.229332138628889,1.2290438162839046,1,0.03166658448596799,0.0011603739549444496,"Workload(z0=0.01393641435802918, z1=0.5042358844568313, q=0.4720077454507769, w=0.009819955734362727)","Workload(z0=0.01, z1=0.49, q=0.49, w=0.01)"
0.8500000000000001,1.2290532932319764,1.229332138628889,1.2290438162839046,1.75,0.03166658448596799,0.0011603739549444496,"Workload(z0=0.01393641435802918, z1=0.5042358844568313, q=0.4720077454507769, w=0.009819955734362727)","Workload(z0=0.01, z1=0.49, q=0.49, w=0.01)"
0.9000000000000001,1.2290532932319764,1.2290532932319764,1.2290438163790678,0.25,0.009790236606565429,0.004169028276384652,"Workload(z0=0.009898775002675778, z1=0.4691117066488943, q=0.49993179285454353, w=0.021057725493886292)","Workload(z0=0.01, z1=0.49, q=0.49, w=0.01)"
0.9000000000000001,1.2290532932319764,1.2290532932319764,1.2290438163790678,1,0.009790236606565429,0.004169028276384652,"Workload(z0=0.009898775002675778, z1=0.4691117066488943, q=0.49993179285454353, w=0.021057725493886292)","Workload(z0=0.01, z1=0.49, q=0.49, w=0.01)"
0.9000000000000001,1.2290532932319764,1.2290532932319764,1.2290438163790678,1.75,0.009790236606565429,0.004169028276384652,"Workload(z0=0.009898775002675778, z1=0.4691117066488943, q=0.49993179285454353, w=0.021057725493886292)","Workload(z0=0.01, z1=0.49, q=0.49, w=0.01)"
0.9500000000000001,1.2290532932319764,1.2290472249976747,1.2290438163804867,0.25,0.027736486691209712,2.2543778829121506e-05,"Workload(z0=0.010341201479414778, z1=0.4919706140824292, q=0.4873469829587411, w=0.010341201479414778)","Workload(z0=0.01, z1=0.49, q=0.49, w=0.01)"
0.9500000000000001,1.2290532932319764,1.2290472249976747,1.2290438163804867,1,0.027736486691209712,2.2543778829121506e-05,"Workload(z0=0.010341201479414778, z1=0.4919706140824292, q=0.4873469829587411, w=0.010341201479414778)","Workload(z0=0.01, z1=0.49, q=0.49, w=0.01)"
0.9500000000000001,1.2290532932319764,1.2290472249976747,1.2290438163804867,1.75,0.027736486691209712,2.2543778829121506e-05,"Workload(z0=0.010341201479414778, z1=0.4919706140824292, q=0.4873469829587411, w=0.010341201479414778)","Workload(z0=0.01, z1=0.49, q=0.49, w=0.01)"
1.0,1.2290441379642303,1.229055842968193,1.229043816351343,0.25,0.017686287909714077,0.0004603364697641809,"Workload(z0=0.009758268251849347, z1=0.5051652905809703, q=0.475318172915331, w=0.009758268251849347)","Workload(z0=0.01, z1=0.49, q=0.49, w=0.01)"
1.0,1.2290532932319764,1.229055842968193,1.229043816351343,1,0.017686287909714077,0.0004603364697641809,"Workload(z0=0.009758268251849347, z1=0.5051652905809703, q=0.475318172915331, w=0.009758268251849347)","Workload(z0=0.01, z1=0.49, q=0.49, w=0.01)"
1.0,1.2290532932319764,1.229055842968193,1.229043816351343,1.75,0.017686287909714077,0.0004603364697641809,"Workload(z0=0.009758268251849347, z1=0.5051652905809703, q=0.475318172915331, w=0.009758268251849347)","Workload(z0=0.01, z1=0.49, q=0.49, w=0.01)"
0.05,1.2290532932319764,1.230015261988697,1.2290438163681328,0.25,1.6323022373196723,0.018887505297692522,"Workload(z0=0.028363619962411504, z1=0.4096999844765175, q=0.5509539337268224, w=0.01098246183424859)","Workload(z0=0.01, z1=0.49, q=0.49, w=0.01)"
0.05,1.2290532932319764,1.230015261988697,1.2290438163681328,1,1.6323022373196723,0.018887505297692522,"Workload(z0=0.028363619962411504, z1=0.4096999844765175, q=0.5509539337268224, w=0.01098246183424859)","Workload(z0=0.01, z1=0.49, q=0.49, w=0.01)"
0.05,1.2290532932319764,1.230015261988697,1.2290438163681328,1.75,1.6323022373196723,0.018887505297692522,"Workload(z0=0.028363619962411504, z1=0.4096999844765175, q=0.5509539337268224, w=0.01098246183424859)","Workload(z0=0.01, z1=0.49, q=0.49, w=0.01)"
0.1,1.2290532932319764,1.2290815375096356,1.2290438163543191,0.25,1.2722155709321126,0.22750540579192166,"Workload(z0=0.005867211375642663, z1=0.45737467320307995, q=0.3130842700820418, w=0.2236738453392356)","Workload(z0=0.01, z1=0.49, q=0.49, w=0.01)"
0.1,1.2290532932319764,1.2290815375096356,1.2290438163543191,1,1.2722155709321126,0.22750540579192166,"Workload(z0=0.005867211375642663, z1=0.45737467320307995, q=0.3130842700820418, w=0.2236738453392356)","Workload(z0=0.01, z1=0.49, q=0.49, w=0.01)"
0.1,3.442858503732287,1.2290815375096356,1.2290438163543191,1.75,1.2722155709321126,0.22750540579192166,"Workload(z0=0.005867211375642663, z1=0.45737467320307995, q=0.3130842700820418, w=0.2236738453392356)","Workload(z0=0.01, z1=0.49, q=0.49, w=0.01)"
0.15000000000000002,1.2290532932319764,1.2317980994041262,1.229043816340253,0.25,0.3167533938886384,0.06617727817932609,"Workload(z0=0.03126781241158286, z1=0.44360655381373765, q=0.4425072524644684, w=0.08261838131021108)","Workload(z0=0.01, z1=0.49, q=0.49, w=0.01)"
0.15000000000000002,1.2290532932319764,1.2317980994041262,1.229043816340253,1,0.3167533938886384,0.06617727817932609,"Workload(z0=0.03126781241158286, z1=0.44360655381373765, q=0.4425072524644684, w=0.08261838131021108)","Workload(z0=0.01, z1=0.49, q=0.49, w=0.01)"
0.15000000000000002,1.2290532932319764,1.2317980994041262,1.229043816340253,1.75,0.3167533938886384,0.06617727817932609,"Workload(z0=0.03126781241158286, z1=0.44360655381373765, q=0.4425072524644684, w=0.08261838131021108)","Workload(z0=0.01, z1=0.49, q=0.49, w=0.01)"
0.2,1.2290532932319764,1.2293081707478688,1.2290438163725121,0.25,0.27235783085114484,0.022686377524998295,"Workload(z0=0.018678975072188155, z1=0.43211481023836007, q=0.509154392315573, w=0.04005182237387868)","Workload(z0=0.01, z1=0.49, q=0.49, w=0.01)"
0.2,1.2290532932319764,1.2293081707478688,1.2290438163725121,1,0.27235783085114484,0.022686377524998295,"Workload(z0=0.018678975072188155, z1=0.43211481023836007, q=0.509154392315573, w=0.04005182237387868)","Workload(z0=0.01, z1=0.49, q=0.49, w=0.01)"
0.2,1.2290532932319764,1.2293081707478688,1.2290438163725121,1.75,0.27235783085114484,0.022686377524998295,"Workload(z0=0.018678975072188155, z1=0.43211481023836007, q=0.509154392315573, w=0.04005182237387868)","Workload(z0=0.01, z1=0.49, q=0.49, w=0.01)"
0.25,1.2290532932319764,1.2299970559476563,1.2290438163696875,0.25,0.0861341596606274,0.003972450330896071,"Workload(z0=0.01783878539809251, z1=0.5158548624768975, q=0.45581629352521924, w=0.010490058599790617)","Workload(z0=0.01, z1=0.49, q=0.49, w=0.01)"
0.25,1.2290532932319764,1.2299970559476563,1.2290438163696875,1,0.0861341596606274,0.003972450330896071,"Workload(z0=0.01783878539809251, z1=0.5158548624768975, q=0.45581629352521924, w=0.010490058599790617)","Workload(z0=0.01, z1=0.49, q=0.49, w=0.01)"
0.25,1.2290532932319764,1.2299970559476563,1.2290438163696875,1.75,0.0861341596606274,0.003972450330896071,"Workload(z0=0.01783878539809251, z1=0.5158548624768975, q=0.45581629352521924, w=0.010490058599790617)","Workload(z0=0.01, z1=0.49, q=0.49, w=0.01)"
0.3,1.230149227196349,1.2328681986137553,1.229043816307651,0.25,0.03678661542312647,0.017412073668728132,"Workload(z0=0.040282530306544835, z1=0.4597249708404089, q=0.49124455075592355, w=0.008747948097122794)","Workload(z0=0.01, z1=0.49, q=0.49, w=0.01)"
0.3,1.2328618528656716,1.2328681986137553,1.229043816307651,1,0.03678661542312647,0.017412073668728132,"Workload(z0=0.040282530306544835, z1=0.4597249708404089, q=0.49124455075592355, w=0.008747948097122794)","Workload(z0=0.01, z1=0.49, q=0.49, w=0.01)"
0.3,1.2290532932319764,1.2328681986137553,1.229043816307651,1.75,0.03678661542312647,0.017412073668728132,"Workload(z0=0.040282530306544835, z1=0.4597249708404089, q=0.49124455075592355, w=0.008747948097122794)","Workload(z0=0.01, z1=0.49, q=0.49, w=0.01)"
0.35000000000000003,1.2290532932319764,1.2290438275058524,1.2290438163068422,0.25,0.051768146738186124,1.4857093399975888e-05,"Workload(z0=0.01021488289396733, z1=0.487549342313269, q=0.4920208918987964, w=0.01021488289396733)","Workload(z0=0.01, z1=0.49, q=0.49, w=0.01)"
0.35000000000000003,1.2290532932319767,1.2290438275058524,1.2290438163068422,1,0.051768146738186124,1.4857093399975888e-05,"Workload(z0=0.01021488289396733, z1=0.487549342313269, q=0.4920208918987964, w=0.01021488289396733)","Workload(z0=0.01, z1=0.49, q=0.49, w=0.01)"
0.35000000000000003,1.2290444947055634,1.2290438275058524,1.2290438163068422,1.75,0.051768146738186124,1.4857093399975888e-05,"Workload(z0=0.01021488289396733, z1=0.487549342313269, q=0.4920208918987964, w=0.01021488289396733)","Workload(z0=0.01, z1=0.49, q=0.49, w=0.01)"
0.4,1.2290532932319764,1.2290665354720216,1.2290438163700526,0.25,0.044495414378350924,0.00032174012606298014,"Workload(z0=0.010350595935707748, z1=0.5019530282011311, q=0.4773457799274533, w=0.010350595935707748)","Workload(z0=0.01, z1=0.49, q=0.49, w=0.01)"
0.4,1.2290532932319764,1.2290665354720216,1.2290438163700526,1,0.044495414378350924,0.00032174012606298014,"Workload(z0=0.010350595935707748, z1=0.5019530282011311, q=0.4773457799274533, w=0.010350595935707748)","Workload(z0=0.01, z1=0.49, q=0.49, w=0.01)"
0.4,1.2290532932319764,1.2290665354720216,1.2290438163700526,1.75,0.044495414378350924,0.00032174012606298014,"Workload(z0=0.010350595935707748, z1=0.5019530282011311, q=0.4773457799274533, w=0.010350595935707748)","Workload(z0=0.01, z1=0.49, q=0.49, w=0.01)"
0.45,1.2290532932319764,1.2290532932319764,1.2290438163274957,0.25,0.04663269861396186,0.0015330381612924978,"Workload(z0=0.00964565564447255, z1=0.46306545589510834, q=0.5176432328159466, w=0.00964565564447255)","Workload(z0=0.01, z1=0.49, q=0.49, w=0.01)"
0.45,1.2290532932319764,1.2290532932319764,1.2290438163274957,1,0.04663269861396186,0.0015330381612924978,"Workload(z0=0.00964565564447255, z1=0.46306545589510834, q=0.5176432328159466, w=0.00964565564447255)","Workload(z0=0.01, z1=0.49, q=0.49, w=0.01)"
0.45,1.2290532932319764,1.2290532932319764,1.2290438163274957,1.75,0.04663269861396186,0.0015330381612924978,"Workload(z0=0.00964565564447255, z1=0.46306545589510834, q=0.5176432328159466, w=0.00964565564447255)","Workload(z0=0.01, z1=0.49, q=0.49, w=0.01)"
0.5,1.2290532932319764,1.2290532932319764,1.2290438163093207,0.25,0.03065983135406271,0.00024366978915338366,"Workload(z0=0.009980387257390116, z1=0.4790944665018628, q=0.500944758983357, w=0.009980387257390116)","Workload(z0=0.01, z1=0.49, q=0.49, w=0.01)"
0.5,1.2290532932319764,1.2290532932319764,1.2290438163093207,1,0.03065983135406271,0.00024366978915338366,"Workload(z0=0.009980387257390116, z1=0.4790944665018628, q=0.500944758983357, w=0.009980387257390116)","Workload(z0=0.01, z1=0.49, q=0.49, w=0.01)"
0.5,1.2290532932319764,1.2290532932319764,1.2290438163093207,1.75,0.03065983135406271,0.00024366978915338366,"Workload(z0=0.009980387257390116, z1=0.4790944665018628, q=0.500944758983357, w=0.009980387257390116)","Workload(z0=0.01, z1=0.49, q=0.49, w=0.01)"
0.55,1.2290472226045517,1.2294860133123404,1.2290438162905997,0.25,0.030941889317950153,0.0018135940364449766,"Workload(z0=0.017184916378138917, z1=0.48374906495002773, q=0.4892839354317919, w=0.00978208324004148)","Workload(z0=0.01, z1=0.49, q=0.49, w=0.01)"
0.55,1.2290532932319764,1.2294860133123404,1.2290438162905997,1,0.030941889317950153,0.0018135940364449766,"Workload(z0=0.017184916378138917, z1=0.48374906495002773, q=0.4892839354317919, w=0.00978208324004148)","Workload(z0=0.01, z1=0.49, q=0.49, w=0.01)"
0.55,1.2290532932319764,1.2294860133123404,1.2290438162905997,1.75,0.030941889317950153,0.0018135940364449766,"Workload(z0=0.017184916378138917, z1=0.48374906495002773, q=0.4892839354317919, w=0.00978208324004148)","Workload(z0=0.01, z1=0.49, q=0.49, w=0.01)"
0.6000000000000001,1.2292022314775304,1.2307454589243778,1.2290438163725121,0.25,0.04668289494553518,0.01281812265557799,"Workload(z0=0.02603204407985534, z1=0.47197783148006145, q=0.47698884529344904, w=0.02500127914663409)","Workload(z0=0.01, z1=0.49, q=0.49, w=0.01)"
0.6000000000000001,1.2290532932319764,1.2307454589243778,1.2290438163725121,1,0.04668289494553518,0.01281812265557799,"Workload(z0=0.02603204407985534, z1=0.47197783148006145, q=0.47698884529344904, w=0.02500127914663409)","Workload(z0=0.01, z1=0.49, q=0.49, w=0.01)"
0.6000000000000001,1.2290532932319764,1.2307454589243778,1.2290438163725121,1.75,0.04668289494553518,0.01281812265557799,"Workload(z0=0.02603204407985534, z1=0.47197783148006145, q=0.47698884529344904, w=0.02500127914663409)","Workload(z0=0.01, z1=0.49, q=0.49, w=0.01)"
0.6500000000000001,1.2290532932319764,1.2291824306216088,1.2290438163460946,0.25,0.04541415042803297,0.0012890107032093394,"Workload(z0=0.01481258821095705, z1=0.4738396070120726, q=0.5007664325701678, w=0.010581372206802315)","Workload(z0=0.01, z1=0.49, q=0.49, w=0.01)"
0.6500000000000001,1.2290532932319764,1.2291824306216088,1.2290438163460946,1,0.04541415042803297,0.0012890107032093394,"Workload(z0=0.01481258821095705, z1=0.4738396070120726, q=0.5007664325701678, w=0.010581372206802315)","Workload(z0=0.01, z1=0.49, q=0.49, w=0.01)"
0.6500000000000001,1.2290532932319764,1.2291824306216088,1.2290438163460946,1.75,0.04541415042803297,0.0012890107032093394,"Workload(z0=0.01481258821095705, z1=0.4738396070120726, q=0.5007664325701678, w=0.010581372206802315)","Workload(z0=0.01, z1=0.49, q=0.49, w=0.01)"
0.7000000000000001,1.2290532932319764,1.2290454258797785,1.2290438163445696,0.25,0.0210745582257236,0.0001246833229951482,"Workload(z0=0.010039743691213446, z1=0.484510338421231, q=0.49416573566723837, w=0.011284182220316982)","Workload(z0=0.01, z1=0.49, q=0.49, w=0.01)"
0.7000000000000001,1.2290532932319764,1.2290454258797785,1.2290438163445696,1,0.0210745582257236,0.0001246833229951482,"Workload(z0=0.010039743691213446, z1=0.484510338421231, q=0.49416573566723837, w=0.011284182220316982)","Workload(z0=0.01, z1=0.49, q=0.49, w=0.01)"
0.7000000000000001,1.2290532932319764,1.2290454258797785,1.2290438163445696,1.75,0.0210745582257236,0.0001246833229951482,"Workload(z0=0.010039743691213446, z1=0.484510338421231, q=0.49416573566723837, w=0.011284182220316982)","Workload(z0=0.01, z1=0.49, q=0.49, w=0.01)"
0.7500000000000001,1.2290532932319764,1.2290448472349293,1.2290438163725121,0.25,0.03039353935248659,2.4973957519290795e-05,"Workload(z0=0.009996976205167336, z1=0.48650493558410285, q=0.4935011120055626, w=0.009996976205167336)","Workload(z0=0.01, z1=0.49, q=0.49, w=0.01)"
0.7500000000000001,1.2290532932319764,1.2290448472349293,1.2290438163725121,1,0.03039353935248659,2.4973957519290795e-05,"Workload(z0=0.009996976205167336, z1=0.48650493558410285, q=0.4935011120055626, w=0.009996976205167336)","Workload(z0=0.01, z1=0.49, q=0.49, w=0.01)"
0.7500000000000001,1.2290532932319764,1.2290448472349293,1.2290438163725121,1.75,0.03039353935248659,2.4973957519290795e-05,"Workload(z0=0.009996976205167336, z1=0.48650493558410285, q=0.4935011120055626, w=0.009996976205167336)","Workload(z0=0.01, z1=0.49, q=0.49, w=0.01)"
0.8,1.2311955000629442,1.2312060885507936,1.2290438163723172,0.25,0.038958459657835204,0.010202173345753431,"Workload(z0=0.02931988384873433, z1=0.4711963412856769, q=0.4836785513513119, w=0.01580522351427698)","Workload(z0=0.01, z1=0.49, q=0.49, w=0.01)"
0.8,1.2290532932319764,1.2312060885507936,1.2290438163723172,1,0.038958459657835204,0.010202173345753431,"Workload(z0=0.02931988384873433, z1=0.4711963412856769, q=0.4836785513513119, w=0.01580522351427698)","Workload(z0=0.01, z1=0.49, q=0.49, w=0.01)"
0.8,1.2290532932319764,1.2312060885507936,1.2290438163723172,1.75,0.038958459657835204,0.010202173345753431,"Workload(z0=0.02931988384873433, z1=0.4711963412856769, q=0.4836785513513119, w=0.01580522351427698)","Workload(z0=0.01, z1=0.49, q=0.49, w=0.01)"
0.8500000000000001,1.2290532932319764,1.2290498555332094,1.2290438163520208,0.25,0.02746428269706148,0.022417596221467884,"Workload(z0=0.00948942039789856, z1=0.4705592438093062, q=0.4727330113934265, w=0.04721832439936893)","Workload(z0=0.01, z1=0.49, q=0.49, w=0.01)"
0.8500000000000001,1.2290532932319764,1.2290498555332094,1.2290438163520208,1,0.02746428269706148,0.022417596221467884,"Workload(z0=0.00948942039789856, z1=0.4705592438093062, q=0.4727330113934265, w=0.04721832439936893)","Workload(z0=0.01, z1=0.49, q=0.49, w=0.01)"
0.8500000000000001,1.2290532932319764,1.2290498555332094,1.2290438163520208,1.75,0.02746428269706148,0.022417596221467884,"Workload(z0=0.00948942039789856, z1=0.4705592438093062, q=0.4727330113934265, w=0.04721832439936893)","Workload(z0=0.01, z1=0.49, q=0.49, w=0.01)"
0.9000000000000001,1.2292071221689045,1.2292117629007406,1.22904381637111,0.25,0.009537853728411587,0.007981905040083767,"Workload(z0=0.014342361235825721, z1=0.47567817915474286, q=0.4831129747793204, w=0.026866484830111028)","Workload(z0=0.01, z1=0.49, q=0.49, w=0.01)"
0.9000000000000001,1.22904406840012,1.2292117629007406,1.22904381637111,1,0.009537853728411587,0.007981905040083767,"Workload(z0=0.014342361235825721, z1=0.47567817915474286, q=0.4831129747793204, w=0.026866484830111028)","Workload(z0=0.01, z1=0.49, q=0.49, w=0.01)"
0.9000000000000001,1.2290532932319764,1.2292117629007406,1.22904381637111,1.75,0.009537853728411587,0.007981905040083767,"Workload(z0=0.014342361235825721, z1=0.47567817915474286, q=0.4831129747793204, w=0.026866484830111028)","Workload(z0=0.01, z1=0.49, q=0.49, w=0.01)"
0.9500000000000001,1.2290532004418568,1.229275773640504,1.2290438163687665,0.25,0.020034683847782835,0.0011364342485724287,"Workload(z0=0.015315458555413636, z1=0.48180041919800287, q=0.49316987164222054, w=0.009714250604363024)","Workload(z0=0.01, z1=0.49, q=0.49, w=0.01)"
0.9500000000000001,1.22914084158043,1.229275773640504,1.2290438163687665,1,0.020034683847782835,0.0011364342485724287,"Workload(z0=0.015315458555413636, z1=0.48180041919800287, q=0.49316987164222054, w=0.009714250604363024)","Workload(z0=0.01, z1=0.49, q=0.49, w=0.01)"
0.9500000000000001,1.2290532932319764,1.229275773640504,1.2290438163687665,1.75,0.020034683847782835,0.0011364342485724287,"Workload(z0=0.015315458555413636, z1=0.48180041919800287, q=0.49316987164222054, w=0.009714250604363024)","Workload(z0=0.01, z1=0.49, q=0.49, w=0.01)"
1.0,1.2290454856519493,1.229044407912761,1.2290438163100141,0.25,0.010621252835757367,4.73280975326639e-05,"Workload(z0=0.01016263335852238, z1=0.4851611882341184, q=0.49451354504883677, w=0.01016263335852238)","Workload(z0=0.01, z1=0.49, q=0.49, w=0.01)"
1.0,1.2290532932319764,1.229044407912761,1.2290438163100141,1,0.010621252835757367,4.73280975326639e-05,"Workload(z0=0.01016263335852238, z1=0.4851611882341184, q=0.49451354504883677, w=0.01016263335852238)","Workload(z0=0.01, z1=0.49, q=0.49, w=0.01)"
1.0,1.2290532932319764,1.229044407912761,1.2290438163100141,1.75,0.010621252835757367,4.73280975326639e-05,"Workload(z0=0.01016263335852238, z1=0.4851611882341184, q=0.49451354504883677, w=0.01016263335852238)","Workload(z0=0.01, z1=0.49, q=0.49, w=0.01)"
