Epsilon,Robust Cost,Nominal Cost,Rho,Rho (True),Workload (Perturbed),Workload (True)
0.05,1.231033337398,1.2290438163098736,0.0,0.09118867989664488,"Workload(z0=0.004576451924961451, z1=0.6945556005669916, q=0.2962914955830856, w=0.004576451924961451)","Workload(z0=0.01, z1=0.49, q=0.49, w=0.01)"
0.05,1.2290532932319764,1.2290438162855721,0.1,0.09118867989664488,"Workload(z0=0.004576451924961451, z1=0.6945556005669916, q=0.2962914955830856, w=0.004576451924961451)","Workload(z0=0.01, z1=0.49, q=0.49, w=0.01)"
0.05,1.2290532932319764,1.2290438163618644,0.2,0.09118867989664488,"Workload(z0=0.004576451924961451, z1=0.6945556005669916, q=0.2962914955830856, w=0.004576451924961451)","Workload(z0=0.01, z1=0.49, q=0.49, w=0.01)"
0.05,1.2290532932319764,1.2290438163115653,0.30000000000000004,0.09118867989664488,"Workload(z0=0.004576451924961451, z1=0.6945556005669916, q=0.2962914955830856, w=0.004576451924961451)","Workload(z0=0.01, z1=0.49, q=0.49, w=0.01)"
0.05,1.2290532932319764,1.2290438163068196,0.4,0.09118867989664488,"Workload(z0=0.004576451924961451, z1=0.6945556005669916, q=0.2962914955830856, w=0.004576451924961451)","Workload(z0=0.01, z1=0.49, q=0.49, w=0.01)"
0.05,1.2290532932319764,1.2290438163971231,0.5,0.09118867989664488,"Workload(z0=0.004576451924961451, z1=0.6945556005669916, q=0.2962914955830856, w=0.004576451924961451)","Workload(z0=0.01, z1=0.49, q=0.49, w=0.01)"
0.05,1.2290532932319764,1.2290438162911006,0.6000000000000001,0.09118867989664488,"Workload(z0=0.004576451924961451, z1=0.6945556005669916, q=0.2962914955830856, w=0.004576451924961451)","Workload(z0=0.01, z1=0.49, q=0.49, w=0.01)"
0.05,1.2290532932319764,1.2290438163680435,0.7000000000000001,0.09118867989664488,"Workload(z0=0.004576451924961451, z1=0.6945556005669916, q=0.2962914955830856, w=0.004576451924961451)","Workload(z0=0.01, z1=0.49, q=0.49, w=0.01)"
0.05,1.2290532932319764,1.2290438163713748,0.8,0.09118867989664488,"Workload(z0=0.004576451924961451, z1=0.6945556005669916, q=0.2962914955830856, w=0.004576451924961451)","Workload(z0=0.01, z1=0.49, q=0.49, w=0.01)"
0.05,1.2290532932319764,1.2290438163209942,0.9,0.09118867989664488,"Workload(z0=0.004576451924961451, z1=0.6945556005669916, q=0.2962914955830856, w=0.004576451924961451)","Workload(z0=0.01, z1=0.49, q=0.49, w=0.01)"
0.05,1.2290532932319764,1.2290438163650563,1.0,0.09118867989664488,"Workload(z0=0.004576451924961451, z1=0.6945556005669916, q=0.2962914955830856, w=0.004576451924961451)","Workload(z0=0.01, z1=0.49, q=0.49, w=0.01)"
0.05,1.2290532932319764,1.229043816283661,1.1,0.09118867989664488,"Workload(z0=0.004576451924961451, z1=0.6945556005669916, q=0.2962914955830856, w=0.004576451924961451)","Workload(z0=0.01, z1=0.49, q=0.49, w=0.01)"
0.05,1.2290532932319764,1.2290438163073303,1.2000000000000002,0.09118867989664488,"Workload(z0=0.004576451924961451, z1=0.6945556005669916, q=0.2962914955830856, w=0.004576451924961451)","Workload(z0=0.01, z1=0.49, q=0.49, w=0.01)"
0.05,1.2290532932319764,1.2290438163051591,1.3,0.09118867989664488,"Workload(z0=0.004576451924961451, z1=0.6945556005669916, q=0.2962914955830856, w=0.004576451924961451)","Workload(z0=0.01, z1=0.49, q=0.49, w=0.01)"
0.05,1.2290532932319767,1.2290438163709108,1.4000000000000001,0.09118867989664488,"Workload(z0=0.004576451924961451, z1=0.6945556005669916, q=0.2962914955830856, w=0.004576451924961451)","Workload(z0=0.01, z1=0.49, q=0.49, w=0.01)"
0.05,1.2290532932319769,1.229043816350395,1.5,0.09118867989664488,"Workload(z0=0.004576451924961451, z1=0.6945556005669916, q=0.2962914955830856, w=0.004576451924961451)","Workload(z0=0.01, z1=0.49, q=0.49, w=0.01)"
0.05,1.2290532932319764,1.2290438163687896,1.6,0.09118867989664488,"Workload(z0=0.004576451924961451, z1=0.6945556005669916, q=0.2962914955830856, w=0.004576451924961451)","Workload(z0=0.01, z1=0.49, q=0.49, w=0.01)"
0.05,1.2290532932319764,1.2290438162946669,1.7000000000000002,0.09118867989664488,"Workload(z0=0.004576451924961451, z1=0.6945556005669916, q=0.2962914955830856, w=0.004576451924961451)","Workload(z0=0.01, z1=0.49, q=0.49, w=0.01)"
0.05,1.2290532932319764,1.2290438163752797,1.8,0.09118867989664488,"Workload(z0=0.004576451924961451, z1=0.6945556005669916, q=0.2962914955830856, w=0.004576451924961451)","Workload(z0=0.01, z1=0.49, q=0.49, w=0.01)"
0.05,1.2290532932319764,1.2290438163695918,1.9000000000000001,0.09118867989664488,"Workload(z0=0.004576451924961451, z1=0.6945556005669916, q=0.2962914955830856, w=0.004576451924961451)","Workload(z0=0.01, z1=0.49, q=0.49, w=0.01)"
0.05,1.2290532932319764,1.2290438163725121,2.0,0.09118867989664488,"Workload(z0=0.004576451924961451, z1=0.6945556005669916, q=0.2962914955830856, w=0.004576451924961451)","Workload(z0=0.01, z1=0.49, q=0.49, w=0.01)"
0.1,1.2551254281793944,1.2290438163616022,0.0,0.17653467817254798,"Workload(z0=0.17324123799485422, z1=0.4443063315845327, q=0.3464216167644389, w=0.0360308136561742)","Workload(z0=0.01, z1=0.49, q=0.49, w=0.01)"
0.1,1.2362411421194874,1.2290438163481447,0.1,0.17653467817254798,"Workload(z0=0.17324123799485422, z1=0.4443063315845327, q=0.3464216167644389, w=0.0360308136561742)","Workload(z0=0.01, z1=0.49, q=0.49, w=0.01)"
0.1,1.2308432289376823,1.2290438163031439,0.2,0.17653467817254798,"Workload(z0=0.17324123799485422, z1=0.4443063315845327, q=0.3464216167644389, w=0.0360308136561742)","Workload(z0=0.01, z1=0.49, q=0.49, w=0.01)"
0.1,1.229178526575458,1.2290438163336974,0.30000000000000004,0.17653467817254798,"Workload(z0=0.17324123799485422, z1=0.4443063315845327, q=0.3464216167644389, w=0.0360308136561742)","Workload(z0=0.01, z1=0.49, q=0.49, w=0.01)"
0.1,1.2290532932319764,1.2290438163095525,0.4,0.17653467817254798,"Workload(z0=0.17324123799485422, z1=0.4443063315845327, q=0.3464216167644389, w=0.0360308136561742)","Workload(z0=0.01, z1=0.49, q=0.49, w=0.01)"
0.1,1.2290532932319764,1.2290438163143182,0.5,0.17653467817254798,"Workload(z0=0.17324123799485422, z1=0.4443063315845327, q=0.3464216167644389, w=0.0360308136561742)","Workload(z0=0.01, z1=0.49, q=0.49, w=0.01)"
0.1,1.2290532932319764,1.2290438163186426,0.6000000000000001,0.17653467817254798,"Workload(z0=0.17324123799485422, z1=0.4443063315845327, q=0.3464216167644389, w=0.0360308136561742)","Workload(z0=0.01, z1=0.49, q=0.49, w=0.01)"
0.1,1.2290532932319764,1.2290438162930608,0.7000000000000001,0.17653467817254798,"Workload(z0=0.17324123799485422, z1=0.4443063315845327, q=0.3464216167644389, w=0.0360308136561742)","Workload(z0=0.01, z1=0.49, q=0.49, w=0.01)"
0.1,1.2290532932319767,1.229043816309352,0.8,0.17653467817254798,"Workload(z0=0.17324123799485422, z1=0.4443063315845327, q=0.3464216167644389, w=0.0360308136561742)","Workload(z0=0.01, z1=0.49, q=0.49, w=0.01)"
0.1,1.2290532932319764,1.2290438163430324,0.9,0.17653467817254798,"Workload(z0=0.17324123799485422, z1=0.4443063315845327, q=0.3464216167644389, w=0.0360308136561742)","Workload(z0=0.01, z1=0.49, q=0.49, w=0.01)"
0.1,1.2290532932319764,1.229043816283047,1.0,0.17653467817254798,"Workload(z0=0.17324123799485422, z1=0.4443063315845327, q=0.3464216167644389, w=0.0360308136561742)","Workload(z0=0.01, z1=0.49, q=0.49, w=0.01)"
0.1,1.2290532932319769,1.229043816312089,1.1,0.17653467817254798,"Workload(z0=0.17324123799485422, z1=0.4443063315845327, q=0.3464216167644389, w=0.0360308136561742)","Workload(z0=0.01, z1=0.49, q=0.49, w=0.01)"
0.1,1.2290532932319767,1.229043816308059,1.2000000000000002,0.17653467817254798,"Workload(z0=0.17324123799485422, z1=0.4443063315845327, q=0.3464216167644389, w=0.0360308136561742)","Workload(z0=0.01, z1=0.49, q=0.49, w=0.01)"
0.1,1.2290532932319764,1.2290438163360509,1.3,0.17653467817254798,"Workload(z0=0.17324123799485422, z1=0.4443063315845327, q=0.3464216167644389, w=0.0360308136561742)","Workload(z0=0.01, z1=0.49, q=0.49, w=0.01)"
0.1,1.2290532932319764,1.2290438163837476,1.4000000000000001,0.17653467817254798,"Workload(z0=0.17324123799485422, z1=0.4443063315845327, q=0.3464216167644389, w=0.0360308136561742)","Workload(z0=0.01, z1=0.49, q=0.49, w=0.01)"
0.1,1.2290532932319769,1.2290438163448247,1.5,0.17653467817254798,"Workload(z0=0.17324123799485422, z1=0.4443063315845327, q=0.3464216167644389, w=0.0360308136561742)","Workload(z0=0.01, z1=0.49, q=0.49, w=0.01)"
0.1,2.2640429579925634,1.2290438163067956,1.6,0.17653467817254798,"Workload(z0=0.17324123799485422, z1=0.4443063315845327, q=0.3464216167644389, w=0.0360308136561742)","Workload(z0=0.01, z1=0.49, q=0.49, w=0.01)"
0.1,1.2290532932319764,1.2290438163081212,1.7000000000000002,0.17653467817254798,"Workload(z0=0.17324123799485422, z1=0.4443063315845327, q=0.3464216167644389, w=0.0360308136561742)","Workload(z0=0.01, z1=0.49, q=0.49, w=0.01)"
0.1,1.2290532932319767,1.2290438163118849,1.8,0.17653467817254798,"Workload(z0=0.17324123799485422, z1=0.4443063315845327, q=0.3464216167644389, w=0.0360308136561742)","Workload(z0=0.01, z1=0.49, q=0.49, w=0.01)"
0.1,1.2290532932319764,1.2290438163662827,1.9000000000000001,0.17653467817254798,"Workload(z0=0.17324123799485422, z1=0.4443063315845327, q=0.3464216167644389, w=0.0360308136561742)","Workload(z0=0.01, z1=0.49, q=0.49, w=0.01)"
0.1,1.2290532932319764,1.22904381637118,2.0,0.17653467817254798,"Workload(z0=0.17324123799485422, z1=0.4443063315845327, q=0.3464216167644389, w=0.0360308136561742)","Workload(z0=0.01, z1=0.49, q=0.49, w=0.01)"
0.15000000000000002,1.2290532932319764,1.2290438163482003,0.0,0.10247478098789008,"Workload(z0=0.010277240442326363, z1=0.41782757827792627, q=0.44219589361351497, w=0.12969928766623243)","Workload(z0=0.01, z1=0.49, q=0.49, w=0.01)"
0.15000000000000002,1.2290532932319764,1.2290438163142954,0.1,0.10247478098789008,"Workload(z0=0.010277240442326363, z1=0.41782757827792627, q=0.44219589361351497, w=0.12969928766623243)","Workload(z0=0.01, z1=0.49, q=0.49, w=0.01)"
0.15000000000000002,1.2290532932319764,1.2290438163064847,0.2,0.10247478098789008,"Workload(z0=0.010277240442326363, z1=0.41782757827792627, q=0.44219589361351497, w=0.12969928766623243)","Workload(z0=0.01, z1=0.49, q=0.49, w=0.01)"
0.15000000000000002,1.2290532932319764,1.229043816308651,0.30000000000000004,0.10247478098789008,"Workload(z0=0.010277240442326363, z1=0.41782757827792627, q=0.44219589361351497, w=0.12969928766623243)","Workload(z0=0.01, z1=0.49, q=0.49, w=0.01)"
0.15000000000000002,1.2290532932319764,1.2290438162831916,0.4,0.10247478098789008,"Workload(z0=0.010277240442326363, z1=0.41782757827792627, q=0.44219589361351497, w=0.12969928766623243)","Workload(z0=0.01, z1=0.49, q=0.49, w=0.01)"
0.15000000000000002,1.2290532932319764,1.2290438163075654,0.5,0.10247478098789008,"Workload(z0=0.010277240442326363, z1=0.41782757827792627, q=0.44219589361351497, w=0.12969928766623243)","Workload(z0=0.01, z1=0.49, q=0.49, w=0.01)"
0.15000000000000002,1.2290532932319764,1.229043816283511,0.6000000000000001,0.10247478098789008,"Workload(z0=0.010277240442326363, z1=0.41782757827792627, q=0.44219589361351497, w=0.12969928766623243)","Workload(z0=0.01, z1=0.49, q=0.49, w=0.01)"
0.15000000000000002,1.2290532932319764,1.2290438163725121,0.7000000000000001,0.10247478098789008,"Workload(z0=0.010277240442326363, z1=0.41782757827792627, q=0.44219589361351497, w=0.12969928766623243)","Workload(z0=0.01, z1=0.49, q=0.49, w=0.01)"
0.15000000000000002,1.2290532932319764,1.2290438163124306,0.8,0.10247478098789008,"Workload(z0=0.010277240442326363, z1=0.41782757827792627, q=0.44219589361351497, w=0.12969928766623243)","Workload(z0=0.01, z1=0.49, q=0.49, w=0.01)"
0.15000000000000002,1.2290532932319764,1.2290438163785207,0.9,0.10247478098789008,"Workload(z0=0.010277240442326363, z1=0.41782757827792627, q=0.44219589361351497, w=0.12969928766623243)","Workload(z0=0.01, z1=0.49, q=0.49, w=0.01)"
0.15000000000000002,1.2290532932319764,1.2290438163814503,1.0,0.10247478098789008,"Workload(z0=0.010277240442326363, z1=0.41782757827792627, q=0.44219589361351497, w=0.12969928766623243)","Workload(z0=0.01, z1=0.49, q=0.49, w=0.01)"
0.15000000000000002,1.2290532932319764,1.2290438163552801,1.1,0.10247478098789008,"Workload(z0=0.010277240442326363, z1=0.41782757827792627, q=0.44219589361351497, w=0.12969928766623243)","Workload(z0=0.01, z1=0.49, q=0.49, w=0.01)"
0.15000000000000002,1.2290532932319764,1.2290438162830615,1.2000000000000002,0.10247478098789008,"Workload(z0=0.010277240442326363, z1=0.41782757827792627, q=0.44219589361351497, w=0.12969928766623243)","Workload(z0=0.01, z1=0.49, q=0.49, w=0.01)"
0.15000000000000002,1.2290532932319764,1.2290438162856114,1.3,0.10247478098789008,"Workload(z0=0.010277240442326363, z1=0.41782757827792627, q=0.44219589361351497, w=0.12969928766623243)","Workload(z0=0.01, z1=0.49, q=0.49, w=0.01)"
0.15000000000000002,1.2290532932319764,1.229043816283357,1.4000000000000001,0.10247478098789008,"Workload(z0=0.010277240442326363, z1=0.41782757827792627, q=0.44219589361351497, w=0.12969928766623243)","Workload(z0=0.01, z1=0.49, q=0.49, w=0.01)"
0.15000000000000002,1.2290532932319764,1.229043816336309,1.5,0.10247478098789008,"Workload(z0=0.010277240442326363, z1=0.41782757827792627, q=0.44219589361351497, w=0.12969928766623243)","Workload(z0=0.01, z1=0.49, q=0.49, w=0.01)"
0.15000000000000002,1.2290532932319764,1.2290438163569117,1.6,0.10247478098789008,"Workload(z0=0.010277240442326363, z1=0.41782757827792627, q=0.44219589361351497, w=0.12969928766623243)","Workload(z0=0.01, z1=0.49, q=0.49, w=0.01)"
0.15000000000000002,1.2290532932319764,1.229043816341186,1.7000000000000002,0.10247478098789008,"Workload(z0=0.010277240442326363, z1=0.41782757827792627, q=0.44219589361351497, w=0.12969928766623243)","Workload(z0=0.01, z1=0.49, q=0.49, w=0.01)"
0.15000000000000002,1.2290532932319764,1.2290438163704804,1.8,0.10247478098789008,"Workload(z0=0.010277240442326363, z1=0.41782757827792627, q=0.44219589361351497, w=0.12969928766623243)","Workload(z0=0.01, z1=0.49, q=0.49, w=0.01)"
0.15000000000000002,1.2290532932349907,1.229043816311794,1.9000000000000001,0.10247478098789008,"Workload(z0=0.010277240442326363, z1=0.41782757827792627, q=0.44219589361351497, w=0.12969928766623243)","Workload(z0=0.01, z1=0.49, q=0.49, w=0.01)"
0.15000000000000002,1.2290532932319764,1.2290438163725121,2.0,0.10247478098789008,"Workload(z0=0.010277240442326363, z1=0.41782757827792627, q=0.44219589361351497, w=0.12969928766623243)","Workload(z0=0.01, z1=0.49, q=0.49, w=0.01)"
0.2,1.2341467242028525,1.229043816365604,0.0,0.01949935932267362,"Workload(z0=0.04262340514436759, z1=0.4927729481037633, q=0.4562101350547303, w=0.008393511697138728)","Workload(z0=0.01, z1=0.49, q=0.49, w=0.01)"
0.2,1.2290532932319764,1.229043816333528,0.1,0.01949935932267362,"Workload(z0=0.04262340514436759, z1=0.4927729481037633, q=0.4562101350547303, w=0.008393511697138728)","Workload(z0=0.01, z1=0.49, q=0.49, w=0.01)"
0.2,1.2290532932319764,1.2290438163725121,0.2,0.01949935932267362,"Workload(z0=0.04262340514436759, z1=0.4927729481037633, q=0.4562101350547303, w=0.008393511697138728)","Workload(z0=0.01, z1=0.49, q=0.49, w=0.01)"
0.2,1.2290532932319764,1.2290438163127613,0.30000000000000004,0.01949935932267362,"Workload(z0=0.04262340514436759, z1=0.4927729481037633, q=0.4562101350547303, w=0.008393511697138728)","Workload(z0=0.01, z1=0.49, q=0.49, w=0.01)"
0.2,1.2290532932319764,1.2290438163601933,0.4,0.01949935932267362,"Workload(z0=0.04262340514436759, z1=0.4927729481037633, q=0.4562101350547303, w=0.008393511697138728)","Workload(z0=0.01, z1=0.49, q=0.49, w=0.01)"
0.2,1.2290532932319764,1.2290438163382402,0.5,0.01949935932267362,"Workload(z0=0.04262340514436759, z1=0.4927729481037633, q=0.4562101350547303, w=0.008393511697138728)","Workload(z0=0.01, z1=0.49, q=0.49, w=0.01)"
0.2,1.2290532932319764,1.2290438163062516,0.6000000000000001,0.01949935932267362,"Workload(z0=0.04262340514436759, z1=0.4927729481037633, q=0.4562101350547303, w=0.008393511697138728)","Workload(z0=0.01, z1=0.49, q=0.49, w=0.01)"
0.2,1.2290532932319764,1.229043816290071,0.7000000000000001,0.01949935932267362,"Workload(z0=0.04262340514436759, z1=0.4927729481037633, q=0.4562101350547303, w=0.008393511697138728)","Workload(z0=0.01, z1=0.49, q=0.49, w=0.01)"
0.2,1.2290532932319764,1.229043816306232,0.8,0.01949935932267362,"Workload(z0=0.04262340514436759, z1=0.4927729481037633, q=0.4562101350547303, w=0.008393511697138728)","Workload(z0=0.01, z1=0.49, q=0.49, w=0.01)"
0.2,1.2290532932319764,1.229043816376232,0.9,0.01949935932267362,"Workload(z0=0.04262340514436759, z1=0.4927729481037633, q=0.4562101350547303, w=0.008393511697138728)","Workload(z0=0.01, z1=0.49, q=0.49, w=0.01)"
0.2,1.2290532932319764,1.2290438163758737,1.0,0.01949935932267362,"Workload(z0=0.04262340514436759, z1=0.4927729481037633, q=0.4562101350547303, w=0.008393511697138728)","Workload(z0=0.01, z1=0.49, q=0.49, w=0.01)"
0.2,1.2290532932319764,1.2290438163709898,1.1,0.01949935932267362,"Workload(z0=0.04262340514436759, z1=0.4927729481037633, q=0.4562101350547303, w=0.008393511697138728)","Workload(z0=0.01, z1=0.49, q=0.49, w=0.01)"
0.2,1.2290532932319764,1.22904381630621,1.2000000000000002,0.01949935932267362,"Workload(z0=0.04262340514436759, z1=0.4927729481037633, q=0.4562101350547303, w=0.008393511697138728)","Workload(z0=0.01, z1=0.49, q=0.49, w=0.01)"
0.2,1.2290532932319764,1.2290438162990724,1.3,0.01949935932267362,"Workload(z0=0.04262340514436759, z1=0.4927729481037633, q=0.4562101350547303, w=0.008393511697138728)","Workload(z0=0.01, z1=0.49, q=0.49, w=0.01)"
0.2,1.2290532932319764,1.2290438162869632,1.4000000000000001,0.01949935932267362,"Workload(z0=0.04262340514436759, z1=0.4927729481037633, q=0.4562101350547303, w=0.008393511697138728)","Workload(z0=0.01, z1=0.49, q=0.49, w=0.01)"
0.2,1.2290532932319764,1.2290438163036939,1.5,0.01949935932267362,"Workload(z0=0.04262340514436759, z1=0.4927729481037633, q=0.4562101350547303, w=0.008393511697138728)","Workload(z0=0.01, z1=0.49, q=0.49, w=0.01)"
0.2,1.2290532932319764,1.2290438163760218,1.6,0.01949935932267362,"Workload(z0=0.04262340514436759, z1=0.4927729481037633, q=0.4562101350547303, w=0.008393511697138728)","Workload(z0=0.01, z1=0.49, q=0.49, w=0.01)"
0.2,1.2290532932319764,1.2290438163077582,1.7000000000000002,0.01949935932267362,"Workload(z0=0.04262340514436759, z1=0.4927729481037633, q=0.4562101350547303, w=0.008393511697138728)","Workload(z0=0.01, z1=0.49, q=0.49, w=0.01)"
0.2,1.2290532932319764,1.2290438163832538,1.8,0.01949935932267362,"Workload(z0=0.04262340514436759, z1=0.4927729481037633, q=0.4562101350547303, w=0.008393511697138728)","Workload(z0=0.01, z1=0.49, q=0.49, w=0.01)"
0.2,1.2290532932319769,1.2290438163078667,1.9000000000000001,0.01949935932267362,"Workload(z0=0.04262340514436759, z1=0.4927729481037633, q=0.4562101350547303, w=0.008393511697138728)","Workload(z0=0.01, z1=0.49, q=0.49, w=0.01)"
0.2,1.2290532932319764,1.2290438163434165,2.0,0.01949935932267362,"Workload(z0=0.04262340514436759, z1=0.4927729481037633, q=0.4562101350547303, w=0.008393511697138728)","Workload(z0=0.01, z1=0.49, q=0.49, w=0.01)"
0.25,1.2419003575223158,1.2290438162871702,0.0,0.05815069401477432,"Workload(z0=0.08008375219533123, z1=0.5061073616140735, q=0.40377795032736336, w=0.010030935863231803)","Workload(z0=0.01, z1=0.49, q=0.49, w=0.01)"
0.25,1.2293755456570843,1.2290438162870394,0.1,0.05815069401477432,"Workload(z0=0.08008375219533123, z1=0.5061073616140735, q=0.40377795032736336, w=0.010030935863231803)","Workload(z0=0.01, z1=0.49, q=0.49, w=0.01)"
0.25,1.2290532932319764,1.229043816312051,0.2,0.05815069401477432,"Workload(z0=0.08008375219533123, z1=0.5061073616140735, q=0.40377795032736336, w=0.010030935863231803)","Workload(z0=0.01, z1=0.49, q=0.49, w=0.01)"
0.25,1.2290532932319764,1.2290438163099817,0.30000000000000004,0.05815069401477432,"Workload(z0=0.08008375219533123, z1=0.5061073616140735, q=0.40377795032736336, w=0.010030935863231803)","Workload(z0=0.01, z1=0.49, q=0.49, w=0.01)"
0.25,1.2290532932319764,1.2290438163501727,0.4,0.05815069401477432,"Workload(z0=0.08008375219533123, z1=0.5061073616140735, q=0.40377795032736336, w=0.010030935863231803)","Workload(z0=0.01, z1=0.49, q=0.49, w=0.01)"
0.25,1.2290532932319764,1.229043816352599,0.5,0.05815069401477432,"Workload(z0=0.08008375219533123, z1=0.5061073616140735, q=0.40377795032736336, w=0.010030935863231803)","Workload(z0=0.01, z1=0.49, q=0.49, w=0.01)"
0.25,1.2290532932319764,1.2290438163022077,0.6000000000000001,0.05815069401477432,"Workload(z0=0.08008375219533123, z1=0.5061073616140735, q=0.40377795032736336, w=0.010030935863231803)","Workload(z0=0.01, z1=0.49, q=0.49, w=0.01)"
0.25,1.2290532932319764,1.2290438163725121,0.7000000000000001,0.05815069401477432,"Workload(z0=0.08008375219533123, z1=0.5061073616140735, q=0.40377795032736336, w=0.010030935863231803)","Workload(z0=0.01, z1=0.49, q=0.49, w=0.01)"
0.25,1.2290532932319764,1.2290438162845125,0.8,0.05815069401477432,"Workload(z0=0.08008375219533123, z1=0.5061073616140735, q=0.40377795032736336, w=0.010030935863231803)","Workload(z0=0.01, z1=0.49, q=0.49, w=0.01)"
0.25,1.2290532932319764,1.2290438163082182,0.9,0.05815069401477432,"Workload(z0=0.08008375219533123, z1=0.5061073616140735, q=0.40377795032736336, w=0.010030935863231803)","Workload(z0=0.01, z1=0.49, q=0.49, w=0.01)"
0.25,1.2290532932319764,1.2290438163785686,1.0,0.05815069401477432,"Workload(z0=0.08008375219533123, z1=0.5061073616140735, q=0.40377795032736336, w=0.010030935863231803)","Workload(z0=0.01, z1=0.49, q=0.49, w=0.01)"
0.25,1.2290532932319764,1.2290438163787163,1.1,0.05815069401477432,"Workload(z0=0.08008375219533123, z1=0.5061073616140735, q=0.40377795032736336, w=0.010030935863231803)","Workload(z0=0.01, z1=0.49, q=0.49, w=0.01)"
0.25,1.2290532932319764,1.2290438163454331,1.2000000000000002,0.05815069401477432,"Workload(z0=0.08008375219533123, z1=0.5061073616140735, q=0.40377795032736336, w=0.010030935863231803)","Workload(z0=0.01, z1=0.49, q=0.49, w=0.01)"
0.25,1.2290532932319764,1.2290438162948947,1.3,0.05815069401477432,"Workload(z0=0.08008375219533123, z1=0.5061073616140735, q=0.40377795032736336, w=0.010030935863231803)","Workload(z0=0.01, z1=0.49, q=0.49, w=0.01)"
0.25,1.2290532932319764,1.2290438163123487,1.4000000000000001,0.05815069401477432,"Workload(z0=0.08008375219533123, z1=0.5061073616140735, q=0.40377795032736336, w=0.010030935863231803)","Workload(z0=0.01, z1=0.49, q=0.49, w=0.01)"
0.25,1.2290532932319764,1.2290438163401196,1.5,0.05815069401477432,"Workload(z0=0.08008375219533123, z1=0.5061073616140735, q=0.40377795032736336, w=0.010030935863231803)","Workload(z0=0.01, z1=0.49, q=0.49, w=0.01)"
0.25,1.2290532932319764,1.2290438163367055,1.6,0.05815069401477432,"Workload(z0=0.08008375219533123, z1=0.5061073616140735, q=0.40377795032736336, w=0.010030935863231803)","Workload(z0=0.01, z1=0.49, q=0.49, w=0.01)"
0.25,1.2290532932319764,1.2290438163205224,1.7000000000000002,0.05815069401477432,"Workload(z0=0.08008375219533123, z1=0.5061073616140735, q=0.40377795032736336, w=0.010030935863231803)","Workload(z0=0.01, z1=0.49, q=0.49, w=0.01)"
0.25,1.2290532932319764,1.229043816363145,1.8,0.05815069401477432,"Workload(z0=0.08008375219533123, z1=0.5061073616140735, q=0.40377795032736336, w=0.010030935863231803)","Workload(z0=0.01, z1=0.49, q=0.49, w=0.01)"
0.25,3.6769227431225797,1.229043816313896,1.9000000000000001,0.05815069401477432,"Workload(z0=0.08008375219533123, z1=0.5061073616140735, q=0.40377795032736336, w=0.010030935863231803)","Workload(z0=0.01, z1=0.49, q=0.49, w=0.01)"
0.25,1.2290532932319769,1.2290438163113862,2.0,0.05815069401477432,"Workload(z0=0.08008375219533123, z1=0.5061073616140735, q=0.40377795032736336, w=0.010030935863231803)","Workload(z0=0.01, z1=0.49, q=0.49, w=0.01)"
0.3,1.2293968582397659,1.2290438163767232,0.0,0.047694119882850015,"Workload(z0=0.013744046425617279, z1=0.4808002306884169, q=0.43220250057204723, w=0.0732532223139187)","Workload(z0=0.01, z1=0.49, q=0.49, w=0.01)"
0.3,1.2290532932319764,1.2290438163392927,0.1,0.047694119882850015,"Workload(z0=0.013744046425617279, z1=0.4808002306884169, q=0.43220250057204723, w=0.0732532223139187)","Workload(z0=0.01, z1=0.49, q=0.49, w=0.01)"
0.3,1.2290532932319764,1.2290438163725121,0.2,0.047694119882850015,"Workload(z0=0.013744046425617279, z1=0.4808002306884169, q=0.43220250057204723, w=0.0732532223139187)","Workload(z0=0.01, z1=0.49, q=0.49, w=0.01)"
0.3,1.2290532932319764,1.2290438163695148,0.30000000000000004,0.047694119882850015,"Workload(z0=0.013744046425617279, z1=0.4808002306884169, q=0.43220250057204723, w=0.0732532223139187)","Workload(z0=0.01, z1=0.49, q=0.49, w=0.01)"
0.3,1.2290532932319764,1.229043816283548,0.4,0.047694119882850015,"Workload(z0=0.013744046425617279, z1=0.4808002306884169, q=0.43220250057204723, w=0.0732532223139187)","Workload(z0=0.01, z1=0.49, q=0.49, w=0.01)"
0.3,1.2290532932319764,1.2290438163725121,0.5,0.047694119882850015,"Workload(z0=0.013744046425617279, z1=0.4808002306884169, q=0.43220250057204723, w=0.0732532223139187)","Workload(z0=0.01, z1=0.49, q=0.49, w=0.01)"
0.3,1.2290532932319764,1.2290438163705406,0.6000000000000001,0.047694119882850015,"Workload(z0=0.013744046425617279, z1=0.4808002306884169, q=0.43220250057204723, w=0.0732532223139187)","Workload(z0=0.01, z1=0.49, q=0.49, w=0.01)"
0.3,1.2290532932319764,1.2290438163083242,0.7000000000000001,0.047694119882850015,"Workload(z0=0.013744046425617279, z1=0.4808002306884169, q=0.43220250057204723, w=0.0732532223139187)","Workload(z0=0.01, z1=0.49, q=0.49, w=0.01)"
0.3,1.2290532932319769,1.229043816365569,0.8,0.047694119882850015,"Workload(z0=0.013744046425617279, z1=0.4808002306884169, q=0.43220250057204723, w=0.0732532223139187)","Workload(z0=0.01, z1=0.49, q=0.49, w=0.01)"
0.3,1.2290532932319764,1.2290438163077664,0.9,0.047694119882850015,"Workload(z0=0.013744046425617279, z1=0.4808002306884169, q=0.43220250057204723, w=0.0732532223139187)","Workload(z0=0.01, z1=0.49, q=0.49, w=0.01)"
0.3,1.2290532932319764,1.2290438163769692,1.0,0.047694119882850015,"Workload(z0=0.013744046425617279, z1=0.4808002306884169, q=0.43220250057204723, w=0.0732532223139187)","Workload(z0=0.01, z1=0.49, q=0.49, w=0.01)"
0.3,1.2290532932319764,1.229043816382013,1.1,0.047694119882850015,"Workload(z0=0.013744046425617279, z1=0.4808002306884169, q=0.43220250057204723, w=0.0732532223139187)","Workload(z0=0.01, z1=0.49, q=0.49, w=0.01)"
0.3,1.2290532932319764,1.2290438163712634,1.2000000000000002,0.047694119882850015,"Workload(z0=0.013744046425617279, z1=0.4808002306884169, q=0.43220250057204723, w=0.0732532223139187)","Workload(z0=0.01, z1=0.49, q=0.49, w=0.01)"
0.3,1.2290532932319764,1.2290438163646398,1.3,0.047694119882850015,"Workload(z0=0.013744046425617279, z1=0.4808002306884169, q=0.43220250057204723, w=0.0732532223139187)","Workload(z0=0.01, z1=0.49, q=0.49, w=0.01)"
0.3,1.2290532932319764,1.229043816304611,1.4000000000000001,0.047694119882850015,"Workload(z0=0.013744046425617279, z1=0.4808002306884169, q=0.43220250057204723, w=0.0732532223139187)","Workload(z0=0.01, z1=0.49, q=0.49, w=0.01)"
0.3,1.2290532932319764,1.2290438163701813,1.5,0.047694119882850015,"Workload(z0=0.013744046425617279, z1=0.4808002306884169, q=0.43220250057204723, w=0.0732532223139187)","Workload(z0=0.01, z1=0.49, q=0.49, w=0.01)"
0.3,1.2290532932319764,1.2290438163751578,1.6,0.047694119882850015,"Workload(z0=0.013744046425617279, z1=0.4808002306884169, q=0.43220250057204723, w=0.0732532223139187)","Workload(z0=0.01, z1=0.49, q=0.49, w=0.01)"
0.3,1.2290532932319764,1.2290438163725121,1.7000000000000002,0.047694119882850015,"Workload(z0=0.013744046425617279, z1=0.4808002306884169, q=0.43220250057204723, w=0.0732532223139187)","Workload(z0=0.01, z1=0.49, q=0.49, w=0.01)"
0.3,3.1307804677534197,1.229043816312994,1.8,0.047694119882850015,"Workload(z0=0.013744046425617279, z1=0.4808002306884169, q=0.43220250057204723, w=0.0732532223139187)","Workload(z0=0.01, z1=0.49, q=0.49, w=0.01)"
0.3,1.2290532932319769,1.2290438163725121,1.9000000000000001,0.047694119882850015,"Workload(z0=0.013744046425617279, z1=0.4808002306884169, q=0.43220250057204723, w=0.0732532223139187)","Workload(z0=0.01, z1=0.49, q=0.49, w=0.01)"
0.3,1.2290532932319769,1.2290438163357507,2.0,0.047694119882850015,"Workload(z0=0.013744046425617279, z1=0.4808002306884169, q=0.43220250057204723, w=0.0732532223139187)","Workload(z0=0.01, z1=0.49, q=0.49, w=0.01)"
0.35000000000000003,1.2298016874018378,1.229043816329654,0.0,0.014724394860166048,"Workload(z0=0.02567915319096204, z1=0.41928985261100366, q=0.5440045678548318, w=0.011026426343202644)","Workload(z0=0.01, z1=0.49, q=0.49, w=0.01)"
0.35000000000000003,1.2290532932319764,1.2290438163117803,0.1,0.014724394860166048,"Workload(z0=0.02567915319096204, z1=0.41928985261100366, q=0.5440045678548318, w=0.011026426343202644)","Workload(z0=0.01, z1=0.49, q=0.49, w=0.01)"
0.35000000000000003,1.2290532932319764,1.2290438163743556,0.2,0.014724394860166048,"Workload(z0=0.02567915319096204, z1=0.41928985261100366, q=0.5440045678548318, w=0.011026426343202644)","Workload(z0=0.01, z1=0.49, q=0.49, w=0.01)"
0.35000000000000003,1.2290532932319764,1.2290438163366102,0.30000000000000004,0.014724394860166048,"Workload(z0=0.02567915319096204, z1=0.41928985261100366, q=0.5440045678548318, w=0.011026426343202644)","Workload(z0=0.01, z1=0.49, q=0.49, w=0.01)"
0.35000000000000003,1.2295770171382563,1.2290438163464223,0.4,0.014724394860166048,"Workload(z0=0.02567915319096204, z1=0.41928985261100366, q=0.5440045678548318, w=0.011026426343202644)","Workload(z0=0.01, z1=0.49, q=0.49, w=0.01)"
0.35000000000000003,1.2290532932319764,1.229043816371383,0.5,0.014724394860166048,"Workload(z0=0.02567915319096204, z1=0.41928985261100366, q=0.5440045678548318, w=0.011026426343202644)","Workload(z0=0.01, z1=0.49, q=0.49, w=0.01)"
0.35000000000000003,1.2290532932319764,1.2290438163437352,0.6000000000000001,0.014724394860166048,"Workload(z0=0.02567915319096204, z1=0.41928985261100366, q=0.5440045678548318, w=0.011026426343202644)","Workload(z0=0.01, z1=0.49, q=0.49, w=0.01)"
0.35000000000000003,1.2290532932319767,1.2290438162830568,0.7000000000000001,0.014724394860166048,"Workload(z0=0.02567915319096204, z1=0.41928985261100366, q=0.5440045678548318, w=0.011026426343202644)","Workload(z0=0.01, z1=0.49, q=0.49, w=0.01)"
0.35000000000000003,1.2290532932319764,1.2290438163808108,0.8,0.014724394860166048,"Workload(z0=0.02567915319096204, z1=0.41928985261100366, q=0.5440045678548318, w=0.011026426343202644)","Workload(z0=0.01, z1=0.49, q=0.49, w=0.01)"
0.35000000000000003,1.2290532932319764,1.2290438163725121,0.9,0.014724394860166048,"Workload(z0=0.02567915319096204, z1=0.41928985261100366, q=0.5440045678548318, w=0.011026426343202644)","Workload(z0=0.01, z1=0.49, q=0.49, w=0.01)"
0.35000000000000003,1.2290532932319764,1.2290438163095505,1.0,0.014724394860166048,"Workload(z0=0.02567915319096204, z1=0.41928985261100366, q=0.5440045678548318, w=0.011026426343202644)","Workload(z0=0.01, z1=0.49, q=0.49, w=0.01)"
0.35000000000000003,1.2290532932319764,1.2290438163088337,1.1,0.014724394860166048,"Workload(z0=0.02567915319096204, z1=0.41928985261100366, q=0.5440045678548318, w=0.011026426343202644)","Workload(z0=0.01, z1=0.49, q=0.49, w=0.01)"
0.35000000000000003,1.2290532932319764,1.229043816366425,1.2000000000000002,0.014724394860166048,"Workload(z0=0.02567915319096204, z1=0.41928985261100366, q=0.5440045678548318, w=0.011026426343202644)","Workload(z0=0.01, z1=0.49, q=0.49, w=0.01)"
0.35000000000000003,1.2290532932319764,1.2290438163112127,1.3,0.014724394860166048,"Workload(z0=0.02567915319096204, z1=0.41928985261100366, q=0.5440045678548318, w=0.011026426343202644)","Workload(z0=0.01, z1=0.49, q=0.49, w=0.01)"
0.35000000000000003,1.2290532932319764,1.2290438163105792,1.4000000000000001,0.014724394860166048,"Workload(z0=0.02567915319096204, z1=0.41928985261100366, q=0.5440045678548318, w=0.011026426343202644)","Workload(z0=0.01, z1=0.49, q=0.49, w=0.01)"
0.35000000000000003,1.2290532932319764,1.229043816308652,1.5,0.014724394860166048,"Workload(z0=0.02567915319096204, z1=0.41928985261100366, q=0.5440045678548318, w=0.011026426343202644)","Workload(z0=0.01, z1=0.49, q=0.49, w=0.01)"
0.35000000000000003,1.2290532932319769,1.229043816308082,1.6,0.014724394860166048,"Workload(z0=0.02567915319096204, z1=0.41928985261100366, q=0.5440045678548318, w=0.011026426343202644)","Workload(z0=0.01, z1=0.49, q=0.49, w=0.01)"
0.35000000000000003,1.2290532932319764,1.2290438162833695,1.7000000000000002,0.014724394860166048,"Workload(z0=0.02567915319096204, z1=0.41928985261100366, q=0.5440045678548318, w=0.011026426343202644)","Workload(z0=0.01, z1=0.49, q=0.49, w=0.01)"
0.35000000000000003,1.2290532932319764,1.2290438163769786,1.8,0.014724394860166048,"Workload(z0=0.02567915319096204, z1=0.41928985261100366, q=0.5440045678548318, w=0.011026426343202644)","Workload(z0=0.01, z1=0.49, q=0.49, w=0.01)"
0.35000000000000003,1.2290532932319764,1.2290438163634163,1.9000000000000001,0.014724394860166048,"Workload(z0=0.02567915319096204, z1=0.41928985261100366, q=0.5440045678548318, w=0.011026426343202644)","Workload(z0=0.01, z1=0.49, q=0.49, w=0.01)"
0.35000000000000003,1.2290532932319764,1.2290438163080284,2.0,0.014724394860166048,"Workload(z0=0.02567915319096204, z1=0.41928985261100366, q=0.5440045678548318, w=0.011026426343202644)","Workload(z0=0.01, z1=0.49, q=0.49, w=0.01)"
0.4,1.2323415851267359,1.2290438163114292,0.0,0.012709694870556315,"Workload(z0=0.03483674589067446, z1=0.48077245232948185, q=0.4752516061781278, w=0.009139195601715899)","Workload(z0=0.01, z1=0.49, q=0.49, w=0.01)"
0.4,1.2290532932319764,1.2290438163100226,0.1,0.012709694870556315,"Workload(z0=0.03483674589067446, z1=0.48077245232948185, q=0.4752516061781278, w=0.009139195601715899)","Workload(z0=0.01, z1=0.49, q=0.49, w=0.01)"
0.4,1.2290532932319764,1.2290438163377697,0.2,0.012709694870556315,"Workload(z0=0.03483674589067446, z1=0.48077245232948185, q=0.4752516061781278, w=0.009139195601715899)","Workload(z0=0.01, z1=0.49, q=0.49, w=0.01)"
0.4,1.2290532932319764,1.2290438163784752,0.30000000000000004,0.012709694870556315,"Workload(z0=0.03483674589067446, z1=0.48077245232948185, q=0.4752516061781278, w=0.009139195601715899)","Workload(z0=0.01, z1=0.49, q=0.49, w=0.01)"
0.4,1.2290532932319764,1.2290438163118154,0.4,0.012709694870556315,"Workload(z0=0.03483674589067446, z1=0.48077245232948185, q=0.4752516061781278, w=0.009139195601715899)","Workload(z0=0.01, z1=0.49, q=0.49, w=0.01)"
0.4,1.2290532932319764,1.2290438163725121,0.5,0.012709694870556315,"Workload(z0=0.03483674589067446, z1=0.48077245232948185, q=0.4752516061781278, w=0.009139195601715899)","Workload(z0=0.01, z1=0.49, q=0.49, w=0.01)"
0.4,1.2290532932319764,1.229043816375871,0.6000000000000001,0.012709694870556315,"Workload(z0=0.03483674589067446, z1=0.48077245232948185, q=0.4752516061781278, w=0.009139195601715899)","Workload(z0=0.01, z1=0.49, q=0.49, w=0.01)"
0.4,1.2290532932319769,1.2290438163571509,0.7000000000000001,0.012709694870556315,"Workload(z0=0.03483674589067446, z1=0.48077245232948185, q=0.4752516061781278, w=0.009139195601715899)","Workload(z0=0.01, z1=0.49, q=0.49, w=0.01)"
0.4,1.2290532932319764,1.2290438163801514,0.8,0.012709694870556315,"Workload(z0=0.03483674589067446, z1=0.48077245232948185, q=0.4752516061781278, w=0.009139195601715899)","Workload(z0=0.01, z1=0.49, q=0.49, w=0.01)"
0.4,1.2290532932319764,1.2290438163290758,0.9,0.012709694870556315,"Workload(z0=0.03483674589067446, z1=0.48077245232948185, q=0.4752516061781278, w=0.009139195601715899)","Workload(z0=0.01, z1=0.49, q=0.49, w=0.01)"
0.4,1.2290532932319764,1.229043816333493,1.0,0.012709694870556315,"Workload(z0=0.03483674589067446, z1=0.48077245232948185, q=0.4752516061781278, w=0.009139195601715899)","Workload(z0=0.01, z1=0.49, q=0.49, w=0.01)"
0.4,1.2290532932319764,1.229043816288403,1.1,0.012709694870556315,"Workload(z0=0.03483674589067446, z1=0.48077245232948185, q=0.4752516061781278, w=0.009139195601715899)","Workload(z0=0.01, z1=0.49, q=0.49, w=0.01)"
0.4,1.2290532932319764,1.2290438163738142,1.2000000000000002,0.012709694870556315,"Workload(z0=0.03483674589067446, z1=0.48077245232948185, q=0.4752516061781278, w=0.009139195601715899)","Workload(z0=0.01, z1=0.49, q=0.49, w=0.01)"
0.4,1.2290532932319764,1.2290438163551742,1.3,0.012709694870556315,"Workload(z0=0.03483674589067446, z1=0.48077245232948185, q=0.4752516061781278, w=0.009139195601715899)","Workload(z0=0.01, z1=0.49, q=0.49, w=0.01)"
0.4,1.2290532932319769,1.2290438163509279,1.4000000000000001,0.012709694870556315,"Workload(z0=0.03483674589067446, z1=0.48077245232948185, q=0.4752516061781278, w=0.009139195601715899)","Workload(z0=0.01, z1=0.49, q=0.49, w=0.01)"
0.4,1.2290532932319764,1.2290438163150683,1.5,0.012709694870556315,"Workload(z0=0.03483674589067446, z1=0.48077245232948185, q=0.4752516061781278, w=0.009139195601715899)","Workload(z0=0.01, z1=0.49, q=0.49, w=0.01)"
0.4,1.2290532932319764,1.2290438163123332,1.6,0.012709694870556315,"Workload(z0=0.03483674589067446, z1=0.48077245232948185, q=0.4752516061781278, w=0.009139195601715899)","Workload(z0=0.01, z1=0.49, q=0.49, w=0.01)"
0.4,1.2290532932319764,1.2290438163124482,1.7000000000000002,0.012709694870556315,"Workload(z0=0.03483674589067446, z1=0.48077245232948185, q=0.4752516061781278, w=0.009139195601715899)","Workload(z0=0.01, z1=0.49, q=0.49, w=0.01)"
0.4,1.2290532932319764,1.2290438163103488,1.8,0.012709694870556315,"Workload(z0=0.03483674589067446, z1=0.48077245232948185, q=0.4752516061781278, w=0.009139195601715899)","Workload(z0=0.01, z1=0.49, q=0.49, w=0.01)"
0.4,1.2290532932319764,1.2290438163452468,1.9000000000000001,0.012709694870556315,"Workload(z0=0.03483674589067446, z1=0.48077245232948185, q=0.4752516061781278, w=0.009139195601715899)","Workload(z0=0.01, z1=0.49, q=0.49, w=0.01)"
0.4,1.2290532932319764,1.229043816311105,2.0,0.012709694870556315,"Workload(z0=0.03483674589067446, z1=0.48077245232948185, q=0.4752516061781278, w=0.009139195601715899)","Workload(z0=0.01, z1=0.49, q=0.49, w=0.01)"
0.45,1.2290532932319764,1.22904381631163,0.0,0.001405539126812452,"Workload(z0=0.00956885009616689, z1=0.46436616248447815, q=0.516496137323188, w=0.00956885009616689)","Workload(z0=0.01, z1=0.49, q=0.49, w=0.01)"
0.45,1.2290532932319764,1.2290438162859592,0.1,0.001405539126812452,"Workload(z0=0.00956885009616689, z1=0.46436616248447815, q=0.516496137323188, w=0.00956885009616689)","Workload(z0=0.01, z1=0.49, q=0.49, w=0.01)"
0.45,1.2290532932319764,1.2290438163607287,0.2,0.001405539126812452,"Workload(z0=0.00956885009616689, z1=0.46436616248447815, q=0.516496137323188, w=0.00956885009616689)","Workload(z0=0.01, z1=0.49, q=0.49, w=0.01)"
0.45,1.2290532932319764,1.2290438163097253,0.30000000000000004,0.001405539126812452,"Workload(z0=0.00956885009616689, z1=0.46436616248447815, q=0.516496137323188, w=0.00956885009616689)","Workload(z0=0.01, z1=0.49, q=0.49, w=0.01)"
0.45,1.2290532932319764,1.2290438163725121,0.4,0.001405539126812452,"Workload(z0=0.00956885009616689, z1=0.46436616248447815, q=0.516496137323188, w=0.00956885009616689)","Workload(z0=0.01, z1=0.49, q=0.49, w=0.01)"
0.45,1.2290532932319764,1.2290438163305069,0.5,0.001405539126812452,"Workload(z0=0.00956885009616689, z1=0.46436616248447815, q=0.516496137323188, w=0.00956885009616689)","Workload(z0=0.01, z1=0.49, q=0.49, w=0.01)"
0.45,1.2290532932319764,1.2290438163519544,0.6000000000000001,0.001405539126812452,"Workload(z0=0.00956885009616689, z1=0.46436616248447815, q=0.516496137323188, w=0.00956885009616689)","Workload(z0=0.01, z1=0.49, q=0.49, w=0.01)"
0.45,1.2290532932319764,1.2290438163095476,0.7000000000000001,0.001405539126812452,"Workload(z0=0.00956885009616689, z1=0.46436616248447815, q=0.516496137323188, w=0.00956885009616689)","Workload(z0=0.01, z1=0.49, q=0.49, w=0.01)"
0.45,1.2290532932319764,1.2290438162832806,0.8,0.001405539126812452,"Workload(z0=0.00956885009616689, z1=0.46436616248447815, q=0.516496137323188, w=0.00956885009616689)","Workload(z0=0.01, z1=0.49, q=0.49, w=0.01)"
0.45,1.2290532932319764,1.2290438163112622,0.9,0.001405539126812452,"Workload(z0=0.00956885009616689, z1=0.46436616248447815, q=0.516496137323188, w=0.00956885009616689)","Workload(z0=0.01, z1=0.49, q=0.49, w=0.01)"
0.45,1.2290532932319764,1.229043816371086,1.0,0.001405539126812452,"Workload(z0=0.00956885009616689, z1=0.46436616248447815, q=0.516496137323188, w=0.00956885009616689)","Workload(z0=0.01, z1=0.49, q=0.49, w=0.01)"
0.45,1.2290532932319764,1.2290438163444892,1.1,0.001405539126812452,"Workload(z0=0.00956885009616689, z1=0.46436616248447815, q=0.516496137323188, w=0.00956885009616689)","Workload(z0=0.01, z1=0.49, q=0.49, w=0.01)"
0.45,1.2290532932319764,1.2290438163719168,1.2000000000000002,0.001405539126812452,"Workload(z0=0.00956885009616689, z1=0.46436616248447815, q=0.516496137323188, w=0.00956885009616689)","Workload(z0=0.01, z1=0.49, q=0.49, w=0.01)"
0.45,1.2290532932319764,1.2290438163043282,1.3,0.001405539126812452,"Workload(z0=0.00956885009616689, z1=0.46436616248447815, q=0.516496137323188, w=0.00956885009616689)","Workload(z0=0.01, z1=0.49, q=0.49, w=0.01)"
0.45,1.2290532932319764,1.229043816373615,1.4000000000000001,0.001405539126812452,"Workload(z0=0.00956885009616689, z1=0.46436616248447815, q=0.516496137323188, w=0.00956885009616689)","Workload(z0=0.01, z1=0.49, q=0.49, w=0.01)"
0.45,1.2290532932319769,1.2290438163725121,1.5,0.001405539126812452,"Workload(z0=0.00956885009616689, z1=0.46436616248447815, q=0.516496137323188, w=0.00956885009616689)","Workload(z0=0.01, z1=0.49, q=0.49, w=0.01)"
0.45,1.2290532932319764,1.2290438163725121,1.6,0.001405539126812452,"Workload(z0=0.00956885009616689, z1=0.46436616248447815, q=0.516496137323188, w=0.00956885009616689)","Workload(z0=0.01, z1=0.49, q=0.49, w=0.01)"
0.45,1.2290532932319764,1.2290438163829536,1.7000000000000002,0.001405539126812452,"Workload(z0=0.00956885009616689, z1=0.46436616248447815, q=0.516496137323188, w=0.00956885009616689)","Workload(z0=0.01, z1=0.49, q=0.49, w=0.01)"
0.45,1.2290532932319764,1.2290438163447697,1.8,0.001405539126812452,"Workload(z0=0.00956885009616689, z1=0.46436616248447815, q=0.516496137323188, w=0.00956885009616689)","Workload(z0=0.01, z1=0.49, q=0.49, w=0.01)"
0.45,1.2290532932319764,1.229043816305003,1.9000000000000001,0.001405539126812452,"Workload(z0=0.00956885009616689, z1=0.46436616248447815, q=0.516496137323188, w=0.00956885009616689)","Workload(z0=0.01, z1=0.49, q=0.49, w=0.01)"
0.45,1.2290532932319767,1.229043816307238,2.0,0.001405539126812452,"Workload(z0=0.00956885009616689, z1=0.46436616248447815, q=0.516496137323188, w=0.00956885009616689)","Workload(z0=0.01, z1=0.49, q=0.49, w=0.01)"
0.5,1.2299714809438185,1.229043816311346,0.0,0.0034429261500078653,"Workload(z0=0.020614007629031466, z1=0.48625739565369464, q=0.4831454578721184, w=0.009983138845155446)","Workload(z0=0.01, z1=0.49, q=0.49, w=0.01)"
0.5,1.2290532932319764,1.2290438163028858,0.1,0.0034429261500078653,"Workload(z0=0.020614007629031466, z1=0.48625739565369464, q=0.4831454578721184, w=0.009983138845155446)","Workload(z0=0.01, z1=0.49, q=0.49, w=0.01)"
0.5,1.2290532932319764,1.229043816309064,0.2,0.0034429261500078653,"Workload(z0=0.020614007629031466, z1=0.48625739565369464, q=0.4831454578721184, w=0.009983138845155446)","Workload(z0=0.01, z1=0.49, q=0.49, w=0.01)"
0.5,1.2290532932319764,1.2290438163282025,0.30000000000000004,0.0034429261500078653,"Workload(z0=0.020614007629031466, z1=0.48625739565369464, q=0.4831454578721184, w=0.009983138845155446)","Workload(z0=0.01, z1=0.49, q=0.49, w=0.01)"
0.5,1.2290532932319764,1.2290438163758703,0.4,0.0034429261500078653,"Workload(z0=0.020614007629031466, z1=0.48625739565369464, q=0.4831454578721184, w=0.009983138845155446)","Workload(z0=0.01, z1=0.49, q=0.49, w=0.01)"
0.5,1.2290532932319764,1.2290438163085995,0.5,0.0034429261500078653,"Workload(z0=0.020614007629031466, z1=0.48625739565369464, q=0.4831454578721184, w=0.009983138845155446)","Workload(z0=0.01, z1=0.49, q=0.49, w=0.01)"
0.5,1.2290532932319764,1.2290438163077047,0.6000000000000001,0.0034429261500078653,"Workload(z0=0.020614007629031466, z1=0.48625739565369464, q=0.4831454578721184, w=0.009983138845155446)","Workload(z0=0.01, z1=0.49, q=0.49, w=0.01)"
0.5,1.2290532932319764,1.229043816328443,0.7000000000000001,0.0034429261500078653,"Workload(z0=0.020614007629031466, z1=0.48625739565369464, q=0.4831454578721184, w=0.009983138845155446)","Workload(z0=0.01, z1=0.49, q=0.49, w=0.01)"
0.5,1.2290532932319767,1.229043816318733,0.8,0.0034429261500078653,"Workload(z0=0.020614007629031466, z1=0.48625739565369464, q=0.4831454578721184, w=0.009983138845155446)","Workload(z0=0.01, z1=0.49, q=0.49, w=0.01)"
0.5,1.2290532932319764,1.2290438162888726,0.9,0.0034429261500078653,"Workload(z0=0.020614007629031466, z1=0.48625739565369464, q=0.4831454578721184, w=0.009983138845155446)","Workload(z0=0.01, z1=0.49, q=0.49, w=0.01)"
0.5,1.2290532932319764,1.2290438163128896,1.0,0.0034429261500078653,"Workload(z0=0.020614007629031466, z1=0.48625739565369464, q=0.4831454578721184, w=0.009983138845155446)","Workload(z0=0.01, z1=0.49, q=0.49, w=0.01)"
0.5,1.2290532932319764,1.2290438163697142,1.1,0.0034429261500078653,"Workload(z0=0.020614007629031466, z1=0.48625739565369464, q=0.4831454578721184, w=0.009983138845155446)","Workload(z0=0.01, z1=0.49, q=0.49, w=0.01)"
0.5,1.2290532932319767,1.2290438163696575,1.2000000000000002,0.0034429261500078653,"Workload(z0=0.020614007629031466, z1=0.48625739565369464, q=0.4831454578721184, w=0.009983138845155446)","Workload(z0=0.01, z1=0.49, q=0.49, w=0.01)"
0.5,1.2290532932319764,1.2290438163142439,1.3,0.0034429261500078653,"Workload(z0=0.020614007629031466, z1=0.48625739565369464, q=0.4831454578721184, w=0.009983138845155446)","Workload(z0=0.01, z1=0.49, q=0.49, w=0.01)"
0.5,1.2290532932319764,1.2290438163444917,1.4000000000000001,0.0034429261500078653,"Workload(z0=0.020614007629031466, z1=0.48625739565369464, q=0.4831454578721184, w=0.009983138845155446)","Workload(z0=0.01, z1=0.49, q=0.49, w=0.01)"
0.5,1.2290532932319767,1.2290438163158284,1.5,0.0034429261500078653,"Workload(z0=0.020614007629031466, z1=0.48625739565369464, q=0.4831454578721184, w=0.009983138845155446)","Workload(z0=0.01, z1=0.49, q=0.49, w=0.01)"
0.5,1.2290532932319764,1.2290438163725121,1.6,0.0034429261500078653,"Workload(z0=0.020614007629031466, z1=0.48625739565369464, q=0.4831454578721184, w=0.009983138845155446)","Workload(z0=0.01, z1=0.49, q=0.49, w=0.01)"
0.5,1.2290532932319764,1.229043816367197,1.7000000000000002,0.0034429261500078653,"Workload(z0=0.020614007629031466, z1=0.48625739565369464, q=0.4831454578721184, w=0.009983138845155446)","Workload(z0=0.01, z1=0.49, q=0.49, w=0.01)"
0.5,1.2290532932319764,1.2290438163087245,1.8,0.0034429261500078653,"Workload(z0=0.020614007629031466, z1=0.48625739565369464, q=0.4831454578721184, w=0.009983138845155446)","Workload(z0=0.01, z1=0.49, q=0.49, w=0.01)"
0.5,1.2290532932319764,1.2290438163558914,1.9000000000000001,0.0034429261500078653,"Workload(z0=0.020614007629031466, z1=0.48625739565369464, q=0.4831454578721184, w=0.009983138845155446)","Workload(z0=0.01, z1=0.49, q=0.49, w=0.01)"
0.5,1.2290532932319769,1.2290438162927038,2.0,0.0034429261500078653,"Workload(z0=0.020614007629031466, z1=0.48625739565369464, q=0.4831454578721184, w=0.009983138845155446)","Workload(z0=0.01, z1=0.49, q=0.49, w=0.01)"
0.55,1.2290444182626297,1.229043816308451,0.0,0.00034571256994317986,"Workload(z0=0.011083008827135784, z1=0.4782371922091396, q=0.49959679013658875, w=0.011083008827135784)","Workload(z0=0.01, z1=0.49, q=0.49, w=0.01)"
0.55,1.2290532932319764,1.2290438163758495,0.1,0.00034571256994317986,"Workload(z0=0.011083008827135784, z1=0.4782371922091396, q=0.49959679013658875, w=0.011083008827135784)","Workload(z0=0.01, z1=0.49, q=0.49, w=0.01)"
0.55,1.2290532932319764,1.2290438163175066,0.2,0.00034571256994317986,"Workload(z0=0.011083008827135784, z1=0.4782371922091396, q=0.49959679013658875, w=0.011083008827135784)","Workload(z0=0.01, z1=0.49, q=0.49, w=0.01)"
0.55,1.2290532932319764,1.229043816295519,0.30000000000000004,0.00034571256994317986,"Workload(z0=0.011083008827135784, z1=0.4782371922091396, q=0.49959679013658875, w=0.011083008827135784)","Workload(z0=0.01, z1=0.49, q=0.49, w=0.01)"
0.55,1.2290532932319764,1.2290438163061335,0.4,0.00034571256994317986,"Workload(z0=0.011083008827135784, z1=0.4782371922091396, q=0.49959679013658875, w=0.011083008827135784)","Workload(z0=0.01, z1=0.49, q=0.49, w=0.01)"
0.55,1.2290532932319764,1.2290438162830937,0.5,0.00034571256994317986,"Workload(z0=0.011083008827135784, z1=0.4782371922091396, q=0.49959679013658875, w=0.011083008827135784)","Workload(z0=0.01, z1=0.49, q=0.49, w=0.01)"
0.55,1.2290532932319764,1.229043816368066,0.6000000000000001,0.00034571256994317986,"Workload(z0=0.011083008827135784, z1=0.4782371922091396, q=0.49959679013658875, w=0.011083008827135784)","Workload(z0=0.01, z1=0.49, q=0.49, w=0.01)"
0.55,1.2290532932319764,1.2290438163094195,0.7000000000000001,0.00034571256994317986,"Workload(z0=0.011083008827135784, z1=0.4782371922091396, q=0.49959679013658875, w=0.011083008827135784)","Workload(z0=0.01, z1=0.49, q=0.49, w=0.01)"
0.55,1.2290532932319764,1.2290438163105253,0.8,0.00034571256994317986,"Workload(z0=0.011083008827135784, z1=0.4782371922091396, q=0.49959679013658875, w=0.011083008827135784)","Workload(z0=0.01, z1=0.49, q=0.49, w=0.01)"
0.55,1.2290532932319764,1.2290438163725121,0.9,0.00034571256994317986,"Workload(z0=0.011083008827135784, z1=0.4782371922091396, q=0.49959679013658875, w=0.011083008827135784)","Workload(z0=0.01, z1=0.49, q=0.49, w=0.01)"
0.55,1.2290532932319767,1.2290438163149437,1.0,0.00034571256994317986,"Workload(z0=0.011083008827135784, z1=0.4782371922091396, q=0.49959679013658875, w=0.011083008827135784)","Workload(z0=0.01, z1=0.49, q=0.49, w=0.01)"
0.55,1.2290532932319764,1.2290438163716921,1.1,0.00034571256994317986,"Workload(z0=0.011083008827135784, z1=0.4782371922091396, q=0.49959679013658875, w=0.011083008827135784)","Workload(z0=0.01, z1=0.49, q=0.49, w=0.01)"
0.55,1.2290532932319764,1.2290438162893789,1.2000000000000002,0.00034571256994317986,"Workload(z0=0.011083008827135784, z1=0.4782371922091396, q=0.49959679013658875, w=0.011083008827135784)","Workload(z0=0.01, z1=0.49, q=0.49, w=0.01)"
0.55,1.2290532932319764,1.2290438163069308,1.3,0.00034571256994317986,"Workload(z0=0.011083008827135784, z1=0.4782371922091396, q=0.49959679013658875, w=0.011083008827135784)","Workload(z0=0.01, z1=0.49, q=0.49, w=0.01)"
0.55,1.2290532932319764,1.2290438162925168,1.4000000000000001,0.00034571256994317986,"Workload(z0=0.011083008827135784, z1=0.4782371922091396, q=0.49959679013658875, w=0.011083008827135784)","Workload(z0=0.01, z1=0.49, q=0.49, w=0.01)"
0.55,1.2290532932319764,1.2290438162913027,1.5,0.00034571256994317986,"Workload(z0=0.011083008827135784, z1=0.4782371922091396, q=0.49959679013658875, w=0.011083008827135784)","Workload(z0=0.01, z1=0.49, q=0.49, w=0.01)"
0.55,1.2290532932319764,1.2290438163791633,1.6,0.00034571256994317986,"Workload(z0=0.011083008827135784, z1=0.4782371922091396, q=0.49959679013658875, w=0.011083008827135784)","Workload(z0=0.01, z1=0.49, q=0.49, w=0.01)"
0.55,1.2290532932319764,1.229043816336118,1.7000000000000002,0.00034571256994317986,"Workload(z0=0.011083008827135784, z1=0.4782371922091396, q=0.49959679013658875, w=0.011083008827135784)","Workload(z0=0.01, z1=0.49, q=0.49, w=0.01)"
0.55,1.2290532932319764,1.2290438163027013,1.8,0.00034571256994317986,"Workload(z0=0.011083008827135784, z1=0.4782371922091396, q=0.49959679013658875, w=0.011083008827135784)","Workload(z0=0.01, z1=0.49, q=0.49, w=0.01)"
0.55,1.2290532932319764,1.2290438163725121,1.9000000000000001,0.00034571256994317986,"Workload(z0=0.011083008827135784, z1=0.4782371922091396, q=0.49959679013658875, w=0.011083008827135784)","Workload(z0=0.01, z1=0.49, q=0.49, w=0.01)"
0.55,1.2290532932319764,1.2290438163794504,2.0,0.00034571256994317986,"Workload(z0=0.011083008827135784, z1=0.4782371922091396, q=0.49959679013658875, w=0.011083008827135784)","Workload(z0=0.01, z1=0.49, q=0.49, w=0.01)"
0.6000000000000001,1.2292572164331566,1.2290438163699087,0.0,0.008370596514394323,"Workload(z0=0.008843014899102743, z1=0.5545162223487944, q=0.42779774785299995, w=0.008843014899102743)","Workload(z0=0.01, z1=0.49, q=0.49, w=0.01)"
0.6000000000000001,1.2290532932319764,1.2290438163044646,0.1,0.008370596514394323,"Workload(z0=0.008843014899102743, z1=0.5545162223487944, q=0.42779774785299995, w=0.008843014899102743)","Workload(z0=0.01, z1=0.49, q=0.49, w=0.01)"
0.6000000000000001,1.2290532932319764,1.229043816375328,0.2,0.008370596514394323,"Workload(z0=0.008843014899102743, z1=0.5545162223487944, q=0.42779774785299995, w=0.008843014899102743)","Workload(z0=0.01, z1=0.49, q=0.49, w=0.01)"
0.6000000000000001,1.2290532932319764,1.2290438163107709,0.30000000000000004,0.008370596514394323,"Workload(z0=0.008843014899102743, z1=0.5545162223487944, q=0.42779774785299995, w=0.008843014899102743)","Workload(z0=0.01, z1=0.49, q=0.49, w=0.01)"
0.6000000000000001,1.2290532932319764,1.2290438163096609,0.4,0.008370596514394323,"Workload(z0=0.008843014899102743, z1=0.5545162223487944, q=0.42779774785299995, w=0.008843014899102743)","Workload(z0=0.01, z1=0.49, q=0.49, w=0.01)"
0.6000000000000001,1.2290532932319764,1.2290438163063069,0.5,0.008370596514394323,"Workload(z0=0.008843014899102743, z1=0.5545162223487944, q=0.42779774785299995, w=0.008843014899102743)","Workload(z0=0.01, z1=0.49, q=0.49, w=0.01)"
0.6000000000000001,1.2290532932319764,1.2290438163061137,0.6000000000000001,0.008370596514394323,"Workload(z0=0.008843014899102743, z1=0.5545162223487944, q=0.42779774785299995, w=0.008843014899102743)","Workload(z0=0.01, z1=0.49, q=0.49, w=0.01)"
0.6000000000000001,1.2290532932319764,1.2290438163077626,0.7000000000000001,0.008370596514394323,"Workload(z0=0.008843014899102743, z1=0.5545162223487944, q=0.42779774785299995, w=0.008843014899102743)","Workload(z0=0.01, z1=0.49, q=0.49, w=0.01)"
0.6000000000000001,1.2290532932319764,1.2290438163725121,0.8,0.008370596514394323,"Workload(z0=0.008843014899102743, z1=0.5545162223487944, q=0.42779774785299995, w=0.008843014899102743)","Workload(z0=0.01, z1=0.49, q=0.49, w=0.01)"
0.6000000000000001,1.2290532932319764,1.2290438162834654,0.9,0.008370596514394323,"Workload(z0=0.008843014899102743, z1=0.5545162223487944, q=0.42779774785299995, w=0.008843014899102743)","Workload(z0=0.01, z1=0.49, q=0.49, w=0.01)"
0.6000000000000001,1.2290532932319764,1.2290438163054476,1.0,0.008370596514394323,"Workload(z0=0.008843014899102743, z1=0.5545162223487944, q=0.42779774785299995, w=0.008843014899102743)","Workload(z0=0.01, z1=0.49, q=0.49, w=0.01)"
0.6000000000000001,1.2290532932319764,1.2290438163686959,1.1,0.008370596514394323,"Workload(z0=0.008843014899102743, z1=0.5545162223487944, q=0.42779774785299995, w=0.008843014899102743)","Workload(z0=0.01, z1=0.49, q=0.49, w=0.01)"
0.6000000000000001,1.2290532932319764,1.229043816329301,1.2000000000000002,0.008370596514394323,"Workload(z0=0.008843014899102743, z1=0.5545162223487944, q=0.42779774785299995, w=0.008843014899102743)","Workload(z0=0.01, z1=0.49, q=0.49, w=0.01)"
0.6000000000000001,1.2290532932319764,1.229043816336429,1.3,0.008370596514394323,"Workload(z0=0.008843014899102743, z1=0.5545162223487944, q=0.42779774785299995, w=0.008843014899102743)","Workload(z0=0.01, z1=0.49, q=0.49, w=0.01)"
0.6000000000000001,1.2290532932319767,1.2290438163697435,1.4000000000000001,0.008370596514394323,"Workload(z0=0.008843014899102743, z1=0.5545162223487944, q=0.42779774785299995, w=0.008843014899102743)","Workload(z0=0.01, z1=0.49, q=0.49, w=0.01)"
0.6000000000000001,1.2290532932319767,1.2290438163707278,1.5,0.008370596514394323,"Workload(z0=0.008843014899102743, z1=0.5545162223487944, q=0.42779774785299995, w=0.008843014899102743)","Workload(z0=0.01, z1=0.49, q=0.49, w=0.01)"
0.6000000000000001,1.2290532932319764,1.2290438162992772,1.6,0.008370596514394323,"Workload(z0=0.008843014899102743, z1=0.5545162223487944, q=0.42779774785299995, w=0.008843014899102743)","Workload(z0=0.01, z1=0.49, q=0.49, w=0.01)"
0.6000000000000001,1.2290532932319764,1.2290438163133128,1.7000000000000002,0.008370596514394323,"Workload(z0=0.008843014899102743, z1=0.5545162223487944, q=0.42779774785299995, w=0.008843014899102743)","Workload(z0=0.01, z1=0.49, q=0.49, w=0.01)"
0.6000000000000001,1.2290532932319764,1.2290438163109094,1.8,0.008370596514394323,"Workload(z0=0.008843014899102743, z1=0.5545162223487944, q=0.42779774785299995, w=0.008843014899102743)","Workload(z0=0.01, z1=0.49, q=0.49, w=0.01)"
0.6000000000000001,1.2290532932324882,1.2290438163729913,1.9000000000000001,0.008370596514394323,"Workload(z0=0.008843014899102743, z1=0.5545162223487944, q=0.42779774785299995, w=0.008843014899102743)","Workload(z0=0.01, z1=0.49, q=0.49, w=0.01)"
0.6000000000000001,2.0686203912742496,1.2290438163619515,2.0,0.008370596514394323,"Workload(z0=0.008843014899102743, z1=0.5545162223487944, q=0.42779774785299995, w=0.008843014899102743)","Workload(z0=0.01, z1=0.49, q=0.49, w=0.01)"
0.6500000000000001,1.237594825712321,1.229043816313553,0.0,0.0379987024615465,"Workload(z0=0.06514069247044715, z1=0.46254480195461883, q=0.46307481613525264, w=0.00923968943968146)","Workload(z0=0.01, z1=0.49, q=0.49, w=0.01)"
0.6500000000000001,1.2290532932319764,1.2290438163277355,0.1,0.0379987024615465,"Workload(z0=0.06514069247044715, z1=0.46254480195461883, q=0.46307481613525264, w=0.00923968943968146)","Workload(z0=0.01, z1=0.49, q=0.49, w=0.01)"
0.6500000000000001,1.2290532932319764,1.2290438163379953,0.2,0.0379987024615465,"Workload(z0=0.06514069247044715, z1=0.46254480195461883, q=0.46307481613525264, w=0.00923968943968146)","Workload(z0=0.01, z1=0.49, q=0.49, w=0.01)"
0.6500000000000001,1.2290532932319764,1.229043816336921,0.30000000000000004,0.0379987024615465,"Workload(z0=0.06514069247044715, z1=0.46254480195461883, q=0.46307481613525264, w=0.00923968943968146)","Workload(z0=0.01, z1=0.49, q=0.49, w=0.01)"
0.6500000000000001,1.2290532932319764,1.229043816318884,0.4,0.0379987024615465,"Workload(z0=0.06514069247044715, z1=0.46254480195461883, q=0.46307481613525264, w=0.00923968943968146)","Workload(z0=0.01, z1=0.49, q=0.49, w=0.01)"
0.6500000000000001,1.2290532932319764,1.2290438163866653,0.5,0.0379987024615465,"Workload(z0=0.06514069247044715, z1=0.46254480195461883, q=0.46307481613525264, w=0.00923968943968146)","Workload(z0=0.01, z1=0.49, q=0.49, w=0.01)"
0.6500000000000001,1.2290532932319764,1.2290438162851627,0.6000000000000001,0.0379987024615465,"Workload(z0=0.06514069247044715, z1=0.46254480195461883, q=0.46307481613525264, w=0.00923968943968146)","Workload(z0=0.01, z1=0.49, q=0.49, w=0.01)"
0.6500000000000001,1.2290532932319764,1.2290438163157222,0.7000000000000001,0.0379987024615465,"Workload(z0=0.06514069247044715, z1=0.46254480195461883, q=0.46307481613525264, w=0.00923968943968146)","Workload(z0=0.01, z1=0.49, q=0.49, w=0.01)"
0.6500000000000001,1.2290532932319764,1.2290438163725121,0.8,0.0379987024615465,"Workload(z0=0.06514069247044715, z1=0.46254480195461883, q=0.46307481613525264, w=0.00923968943968146)","Workload(z0=0.01, z1=0.49, q=0.49, w=0.01)"
0.6500000000000001,1.2290532932319764,1.2290438163102495,0.9,0.0379987024615465,"Workload(z0=0.06514069247044715, z1=0.46254480195461883, q=0.46307481613525264, w=0.00923968943968146)","Workload(z0=0.01, z1=0.49, q=0.49, w=0.01)"
0.6500000000000001,1.2290532932319764,1.2290438162857185,1.0,0.0379987024615465,"Workload(z0=0.06514069247044715, z1=0.46254480195461883, q=0.46307481613525264, w=0.00923968943968146)","Workload(z0=0.01, z1=0.49, q=0.49, w=0.01)"
0.6500000000000001,1.2290532932319764,1.2290438163122306,1.1,0.0379987024615465,"Workload(z0=0.06514069247044715, z1=0.46254480195461883, q=0.46307481613525264, w=0.00923968943968146)","Workload(z0=0.01, z1=0.49, q=0.49, w=0.01)"
0.6500000000000001,1.2290532932319764,1.229043816392527,1.2000000000000002,0.0379987024615465,"Workload(z0=0.06514069247044715, z1=0.46254480195461883, q=0.46307481613525264, w=0.00923968943968146)","Workload(z0=0.01, z1=0.49, q=0.49, w=0.01)"
0.6500000000000001,1.2290532932319769,1.2290438162872566,1.3,0.0379987024615465,"Workload(z0=0.06514069247044715, z1=0.46254480195461883, q=0.46307481613525264, w=0.00923968943968146)","Workload(z0=0.01, z1=0.49, q=0.49, w=0.01)"
0.6500000000000001,1.2290532932319764,1.2290438163071056,1.4000000000000001,0.0379987024615465,"Workload(z0=0.06514069247044715, z1=0.46254480195461883, q=0.46307481613525264, w=0.00923968943968146)","Workload(z0=0.01, z1=0.49, q=0.49, w=0.01)"
0.6500000000000001,1.2290532932319764,1.2290438163054014,1.5,0.0379987024615465,"Workload(z0=0.06514069247044715, z1=0.46254480195461883, q=0.46307481613525264, w=0.00923968943968146)","Workload(z0=0.01, z1=0.49, q=0.49, w=0.01)"
0.6500000000000001,1.2290532932319769,1.2290438163090445,1.6,0.0379987024615465,"Workload(z0=0.06514069247044715, z1=0.46254480195461883, q=0.46307481613525264, w=0.00923968943968146)","Workload(z0=0.01, z1=0.49, q=0.49, w=0.01)"
0.6500000000000001,1.2290532932319767,1.2290438163116344,1.7000000000000002,0.0379987024615465,"Workload(z0=0.06514069247044715, z1=0.46254480195461883, q=0.46307481613525264, w=0.00923968943968146)","Workload(z0=0.01, z1=0.49, q=0.49, w=0.01)"
0.6500000000000001,1.2290532932319764,1.2290438163725121,1.8,0.0379987024615465,"Workload(z0=0.06514069247044715, z1=0.46254480195461883, q=0.46307481613525264, w=0.00923968943968146)","Workload(z0=0.01, z1=0.49, q=0.49, w=0.01)"
0.6500000000000001,1.2290532932319764,1.229043816378004,1.9000000000000001,0.0379987024615465,"Workload(z0=0.06514069247044715, z1=0.46254480195461883, q=0.46307481613525264, w=0.00923968943968146)","Workload(z0=0.01, z1=0.49, q=0.49, w=0.01)"
0.6500000000000001,1.2290532932319764,1.2290438162931334,2.0,0.0379987024615465,"Workload(z0=0.06514069247044715, z1=0.46254480195461883, q=0.46307481613525264, w=0.00923968943968146)","Workload(z0=0.01, z1=0.49, q=0.49, w=0.01)"
0.7000000000000001,1.2290450709441454,1.2290438163685262,0.0,0.00012122411269805669,"Workload(z0=0.009700586654608559, z1=0.4977080900916057, q=0.48289073659917714, w=0.009700586654608559)","Workload(z0=0.01, z1=0.49, q=0.49, w=0.01)"
0.7000000000000001,1.2290532932319764,1.2290438163365354,0.1,0.00012122411269805669,"Workload(z0=0.009700586654608559, z1=0.4977080900916057, q=0.48289073659917714, w=0.009700586654608559)","Workload(z0=0.01, z1=0.49, q=0.49, w=0.01)"
0.7000000000000001,1.2290532932319764,1.229043816381201,0.2,0.00012122411269805669,"Workload(z0=0.009700586654608559, z1=0.4977080900916057, q=0.48289073659917714, w=0.009700586654608559)","Workload(z0=0.01, z1=0.49, q=0.49, w=0.01)"
0.7000000000000001,1.2290532932319764,1.2290438163089081,0.30000000000000004,0.00012122411269805669,"Workload(z0=0.009700586654608559, z1=0.4977080900916057, q=0.48289073659917714, w=0.009700586654608559)","Workload(z0=0.01, z1=0.49, q=0.49, w=0.01)"
0.7000000000000001,1.2290532932319764,1.2290438163180064,0.4,0.00012122411269805669,"Workload(z0=0.009700586654608559, z1=0.4977080900916057, q=0.48289073659917714, w=0.009700586654608559)","Workload(z0=0.01, z1=0.49, q=0.49, w=0.01)"
0.7000000000000001,1.2290532932319764,1.2290438163230395,0.5,0.00012122411269805669,"Workload(z0=0.009700586654608559, z1=0.4977080900916057, q=0.48289073659917714, w=0.009700586654608559)","Workload(z0=0.01, z1=0.49, q=0.49, w=0.01)"
0.7000000000000001,1.2290532932319764,1.2290438163577224,0.6000000000000001,0.00012122411269805669,"Workload(z0=0.009700586654608559, z1=0.4977080900916057, q=0.48289073659917714, w=0.009700586654608559)","Workload(z0=0.01, z1=0.49, q=0.49, w=0.01)"
0.7000000000000001,1.2290532932319764,1.2290438163010504,0.7000000000000001,0.00012122411269805669,"Workload(z0=0.009700586654608559, z1=0.4977080900916057, q=0.48289073659917714, w=0.009700586654608559)","Workload(z0=0.01, z1=0.49, q=0.49, w=0.01)"
0.7000000000000001,1.2290532932319764,1.2290438163678654,0.8,0.00012122411269805669,"Workload(z0=0.009700586654608559, z1=0.4977080900916057, q=0.48289073659917714, w=0.009700586654608559)","Workload(z0=0.01, z1=0.49, q=0.49, w=0.01)"
0.7000000000000001,1.2290532932319764,1.229043816370615,0.9,0.00012122411269805669,"Workload(z0=0.009700586654608559, z1=0.4977080900916057, q=0.48289073659917714, w=0.009700586654608559)","Workload(z0=0.01, z1=0.49, q=0.49, w=0.01)"
0.7000000000000001,1.2290532932319764,1.2290438163226947,1.0,0.00012122411269805669,"Workload(z0=0.009700586654608559, z1=0.4977080900916057, q=0.48289073659917714, w=0.009700586654608559)","Workload(z0=0.01, z1=0.49, q=0.49, w=0.01)"
0.7000000000000001,1.2290532932319764,1.2290438163675899,1.1,0.00012122411269805669,"Workload(z0=0.009700586654608559, z1=0.4977080900916057, q=0.48289073659917714, w=0.009700586654608559)","Workload(z0=0.01, z1=0.49, q=0.49, w=0.01)"
0.7000000000000001,1.2290532932319764,1.2290438163700974,1.2000000000000002,0.00012122411269805669,"Workload(z0=0.009700586654608559, z1=0.4977080900916057, q=0.48289073659917714, w=0.009700586654608559)","Workload(z0=0.01, z1=0.49, q=0.49, w=0.01)"
0.7000000000000001,1.2290532932319764,1.2290438163714839,1.3,0.00012122411269805669,"Workload(z0=0.009700586654608559, z1=0.4977080900916057, q=0.48289073659917714, w=0.009700586654608559)","Workload(z0=0.01, z1=0.49, q=0.49, w=0.01)"
0.7000000000000001,1.2290532932319764,1.2290438163064723,1.4000000000000001,0.00012122411269805669,"Workload(z0=0.009700586654608559, z1=0.4977080900916057, q=0.48289073659917714, w=0.009700586654608559)","Workload(z0=0.01, z1=0.49, q=0.49, w=0.01)"
0.7000000000000001,1.2290532932319769,1.2290438163120705,1.5,0.00012122411269805669,"Workload(z0=0.009700586654608559, z1=0.4977080900916057, q=0.48289073659917714, w=0.009700586654608559)","Workload(z0=0.01, z1=0.49, q=0.49, w=0.01)"
0.7000000000000001,1.2290532932319764,1.2290438163724935,1.6,0.00012122411269805669,"Workload(z0=0.009700586654608559, z1=0.4977080900916057, q=0.48289073659917714, w=0.009700586654608559)","Workload(z0=0.01, z1=0.49, q=0.49, w=0.01)"
0.7000000000000001,1.2290532932319764,1.22904381631267,1.7000000000000002,0.00012122411269805669,"Workload(z0=0.009700586654608559, z1=0.4977080900916057, q=0.48289073659917714, w=0.009700586654608559)","Workload(z0=0.01, z1=0.49, q=0.49, w=0.01)"
0.7000000000000001,1.2290532932319764,1.2290438163116926,1.8,0.00012122411269805669,"Workload(z0=0.009700586654608559, z1=0.4977080900916057, q=0.48289073659917714, w=0.009700586654608559)","Workload(z0=0.01, z1=0.49, q=0.49, w=0.01)"
0.7000000000000001,1.2290532932319764,1.2290438163091895,1.9000000000000001,0.00012122411269805669,"Workload(z0=0.009700586654608559, z1=0.4977080900916057, q=0.48289073659917714, w=0.009700586654608559)","Workload(z0=0.01, z1=0.49, q=0.49, w=0.01)"
0.7000000000000001,1.2290532932319764,1.2290438163709456,2.0,0.00012122411269805669,"Workload(z0=0.009700586654608559, z1=0.4977080900916057, q=0.48289073659917714, w=0.009700586654608559)","Workload(z0=0.01, z1=0.49, q=0.49, w=0.01)"
0.7500000000000001,1.229052479491758,1.229043816362219,0.0,0.00030290962723877234,"Workload(z0=0.00980480936994106, z1=0.502301722820666, q=0.4780886584394518, w=0.00980480936994106)","Workload(z0=0.01, z1=0.49, q=0.49, w=0.01)"
0.7500000000000001,1.2290532932319764,1.2290438163124793,0.1,0.00030290962723877234,"Workload(z0=0.00980480936994106, z1=0.502301722820666, q=0.4780886584394518, w=0.00980480936994106)","Workload(z0=0.01, z1=0.49, q=0.49, w=0.01)"
0.7500000000000001,1.2290532932319764,1.2290438163725121,0.2,0.00030290962723877234,"Workload(z0=0.00980480936994106, z1=0.502301722820666, q=0.4780886584394518, w=0.00980480936994106)","Workload(z0=0.01, z1=0.49, q=0.49, w=0.01)"
0.7500000000000001,1.2290532932319764,1.2290438163838782,0.30000000000000004,0.00030290962723877234,"Workload(z0=0.00980480936994106, z1=0.502301722820666, q=0.4780886584394518, w=0.00980480936994106)","Workload(z0=0.01, z1=0.49, q=0.49, w=0.01)"
0.7500000000000001,1.2290532932319764,1.2290438163075283,0.4,0.00030290962723877234,"Workload(z0=0.00980480936994106, z1=0.502301722820666, q=0.4780886584394518, w=0.00980480936994106)","Workload(z0=0.01, z1=0.49, q=0.49, w=0.01)"
0.7500000000000001,1.2290532932319764,1.2290438162915045,0.5,0.00030290962723877234,"Workload(z0=0.00980480936994106, z1=0.502301722820666, q=0.4780886584394518, w=0.00980480936994106)","Workload(z0=0.01, z1=0.49, q=0.49, w=0.01)"
0.7500000000000001,1.2290532932319764,1.2290438163106878,0.6000000000000001,0.00030290962723877234,"Workload(z0=0.00980480936994106, z1=0.502301722820666, q=0.4780886584394518, w=0.00980480936994106)","Workload(z0=0.01, z1=0.49, q=0.49, w=0.01)"
0.7500000000000001,1.2290532932319764,1.2290438162839927,0.7000000000000001,0.00030290962723877234,"Workload(z0=0.00980480936994106, z1=0.502301722820666, q=0.4780886584394518, w=0.00980480936994106)","Workload(z0=0.01, z1=0.49, q=0.49, w=0.01)"
0.7500000000000001,1.2290532932319764,1.2290438163443358,0.8,0.00030290962723877234,"Workload(z0=0.00980480936994106, z1=0.502301722820666, q=0.4780886584394518, w=0.00980480936994106)","Workload(z0=0.01, z1=0.49, q=0.49, w=0.01)"
0.7500000000000001,1.2290532932319764,1.2290438163769604,0.9,0.00030290962723877234,"Workload(z0=0.00980480936994106, z1=0.502301722820666, q=0.4780886584394518, w=0.00980480936994106)","Workload(z0=0.01, z1=0.49, q=0.49, w=0.01)"
0.7500000000000001,1.2290532932319764,1.2290438163559145,1.0,0.00030290962723877234,"Workload(z0=0.00980480936994106, z1=0.502301722820666, q=0.4780886584394518, w=0.00980480936994106)","Workload(z0=0.01, z1=0.49, q=0.49, w=0.01)"
0.7500000000000001,1.2290532932319769,1.2290438163721866,1.1,0.00030290962723877234,"Workload(z0=0.00980480936994106, z1=0.502301722820666, q=0.4780886584394518, w=0.00980480936994106)","Workload(z0=0.01, z1=0.49, q=0.49, w=0.01)"
0.7500000000000001,1.2290532932319764,1.2290438163140631,1.2000000000000002,0.00030290962723877234,"Workload(z0=0.00980480936994106, z1=0.502301722820666, q=0.4780886584394518, w=0.00980480936994106)","Workload(z0=0.01, z1=0.49, q=0.49, w=0.01)"
0.7500000000000001,1.2290532932319764,1.2290438163538973,1.3,0.00030290962723877234,"Workload(z0=0.00980480936994106, z1=0.502301722820666, q=0.4780886584394518, w=0.00980480936994106)","Workload(z0=0.01, z1=0.49, q=0.49, w=0.01)"
0.7500000000000001,1.2290532932319764,1.2290438163776158,1.4000000000000001,0.00030290962723877234,"Workload(z0=0.00980480936994106, z1=0.502301722820666, q=0.4780886584394518, w=0.00980480936994106)","Workload(z0=0.01, z1=0.49, q=0.49, w=0.01)"
0.7500000000000001,1.2290532932319764,1.2290438162837234,1.5,0.00030290962723877234,"Workload(z0=0.00980480936994106, z1=0.502301722820666, q=0.4780886584394518, w=0.00980480936994106)","Workload(z0=0.01, z1=0.49, q=0.49, w=0.01)"
0.7500000000000001,1.2290532932319764,1.229043816386754,1.6,0.00030290962723877234,"Workload(z0=0.00980480936994106, z1=0.502301722820666, q=0.4780886584394518, w=0.00980480936994106)","Workload(z0=0.01, z1=0.49, q=0.49, w=0.01)"
0.7500000000000001,1.2290532932319769,1.2290438163714423,1.7000000000000002,0.00030290962723877234,"Workload(z0=0.00980480936994106, z1=0.502301722820666, q=0.4780886584394518, w=0.00980480936994106)","Workload(z0=0.01, z1=0.49, q=0.49, w=0.01)"
0.7500000000000001,1.2290532932319764,1.2290438163386754,1.8,0.00030290962723877234,"Workload(z0=0.00980480936994106, z1=0.502301722820666, q=0.4780886584394518, w=0.00980480936994106)","Workload(z0=0.01, z1=0.49, q=0.49, w=0.01)"
0.7500000000000001,1.2290532932319764,1.2290438163085267,1.9000000000000001,0.00030290962723877234,"Workload(z0=0.00980480936994106, z1=0.502301722820666, q=0.4780886584394518, w=0.00980480936994106)","Workload(z0=0.01, z1=0.49, q=0.49, w=0.01)"
0.7500000000000001,1.2290532932319764,1.229043816326238,2.0,0.00030290962723877234,"Workload(z0=0.00980480936994106, z1=0.502301722820666, q=0.4780886584394518, w=0.00980480936994106)","Workload(z0=0.01, z1=0.49, q=0.49, w=0.01)"
0.8,1.2290532932319764,1.2290438162860664,0.0,0.006270282247871283,"Workload(z0=0.009510752940827032, z1=0.46586912097521677, q=0.5001179249475114, w=0.02450220113644504)","Workload(z0=0.01, z1=0.49, q=0.49, w=0.01)"
0.8,1.2290532932319764,1.229043816311988,0.1,0.006270282247871283,"Workload(z0=0.009510752940827032, z1=0.46586912097521677, q=0.5001179249475114, w=0.02450220113644504)","Workload(z0=0.01, z1=0.49, q=0.49, w=0.01)"
0.8,1.2290532932319769,1.2290438163752868,0.2,0.006270282247871283,"Workload(z0=0.009510752940827032, z1=0.46586912097521677, q=0.5001179249475114, w=0.02450220113644504)","Workload(z0=0.01, z1=0.49, q=0.49, w=0.01)"
0.8,1.2290532932319764,1.2290438163114934,0.30000000000000004,0.006270282247871283,"Workload(z0=0.009510752940827032, z1=0.46586912097521677, q=0.5001179249475114, w=0.02450220113644504)","Workload(z0=0.01, z1=0.49, q=0.49, w=0.01)"
0.8,1.2290532932319764,1.229043816356051,0.4,0.006270282247871283,"Workload(z0=0.009510752940827032, z1=0.46586912097521677, q=0.5001179249475114, w=0.02450220113644504)","Workload(z0=0.01, z1=0.49, q=0.49, w=0.01)"
0.8,1.2290532932319764,1.2290438163474586,0.5,0.006270282247871283,"Workload(z0=0.009510752940827032, z1=0.46586912097521677, q=0.5001179249475114, w=0.02450220113644504)","Workload(z0=0.01, z1=0.49, q=0.49, w=0.01)"
0.8,1.2290532932319764,1.2290438163831632,0.6000000000000001,0.006270282247871283,"Workload(z0=0.009510752940827032, z1=0.46586912097521677, q=0.5001179249475114, w=0.02450220113644504)","Workload(z0=0.01, z1=0.49, q=0.49, w=0.01)"
0.8,1.2290532932319764,1.2290438163084758,0.7000000000000001,0.006270282247871283,"Workload(z0=0.009510752940827032, z1=0.46586912097521677, q=0.5001179249475114, w=0.02450220113644504)","Workload(z0=0.01, z1=0.49, q=0.49, w=0.01)"
0.8,1.2290532932319764,1.2290438163756527,0.8,0.006270282247871283,"Workload(z0=0.009510752940827032, z1=0.46586912097521677, q=0.5001179249475114, w=0.02450220113644504)","Workload(z0=0.01, z1=0.49, q=0.49, w=0.01)"
0.8,1.2290532932319767,1.2290438163063626,0.9,0.006270282247871283,"Workload(z0=0.009510752940827032, z1=0.46586912097521677, q=0.5001179249475114, w=0.02450220113644504)","Workload(z0=0.01, z1=0.49, q=0.49, w=0.01)"
0.8,1.2290532932319764,1.2290438163702573,1.0,0.006270282247871283,"Workload(z0=0.009510752940827032, z1=0.46586912097521677, q=0.5001179249475114, w=0.02450220113644504)","Workload(z0=0.01, z1=0.49, q=0.49, w=0.01)"
0.8,1.2290532932319764,1.2290438163725121,1.1,0.006270282247871283,"Workload(z0=0.009510752940827032, z1=0.46586912097521677, q=0.5001179249475114, w=0.02450220113644504)","Workload(z0=0.01, z1=0.49, q=0.49, w=0.01)"
0.8,1.2290532932319764,1.229043816316416,1.2000000000000002,0.006270282247871283,"Workload(z0=0.009510752940827032, z1=0.46586912097521677, q=0.5001179249475114, w=0.02450220113644504)","Workload(z0=0.01, z1=0.49, q=0.49, w=0.01)"
0.8,1.2290532932319764,1.229043816391815,1.3,0.006270282247871283,"Workload(z0=0.009510752940827032, z1=0.46586912097521677, q=0.5001179249475114, w=0.02450220113644504)","Workload(z0=0.01, z1=0.49, q=0.49, w=0.01)"
0.8,1.2290532932319764,1.2290438163082607,1.4000000000000001,0.006270282247871283,"Workload(z0=0.009510752940827032, z1=0.46586912097521677, q=0.5001179249475114, w=0.02450220113644504)","Workload(z0=0.01, z1=0.49, q=0.49, w=0.01)"
0.8,1.2290532932319764,1.2290438163095476,1.5,0.006270282247871283,"Workload(z0=0.009510752940827032, z1=0.46586912097521677, q=0.5001179249475114, w=0.02450220113644504)","Workload(z0=0.01, z1=0.49, q=0.49, w=0.01)"
0.8,1.2290532932319764,1.229043816312287,1.6,0.006270282247871283,"Workload(z0=0.009510752940827032, z1=0.46586912097521677, q=0.5001179249475114, w=0.02450220113644504)","Workload(z0=0.01, z1=0.49, q=0.49, w=0.01)"
0.8,1.2290532932319764,1.2290438162834596,1.7000000000000002,0.006270282247871283,"Workload(z0=0.009510752940827032, z1=0.46586912097521677, q=0.5001179249475114, w=0.02450220113644504)","Workload(z0=0.01, z1=0.49, q=0.49, w=0.01)"
0.8,1.2290532932319764,1.2290438163730706,1.8,0.006270282247871283,"Workload(z0=0.009510752940827032, z1=0.46586912097521677, q=0.5001179249475114, w=0.02450220113644504)","Workload(z0=0.01, z1=0.49, q=0.49, w=0.01)"
0.8,1.2290532932319767,1.2290438162989008,1.9000000000000001,0.006270282247871283,"Workload(z0=0.009510752940827032, z1=0.46586912097521677, q=0.5001179249475114, w=0.02450220113644504)","Workload(z0=0.01, z1=0.49, q=0.49, w=0.01)"
0.8,1.2290532932319767,1.229043816376624,2.0,0.006270282247871283,"Workload(z0=0.009510752940827032, z1=0.46586912097521677, q=0.5001179249475114, w=0.02450220113644504)","Workload(z0=0.01, z1=0.49, q=0.49, w=0.01)"
0.8500000000000001,1.2290438431623105,1.2290438163749704,0.0,0.0005039249216427619,"Workload(z0=0.010076053292830069, z1=0.48821269023352265, q=0.4882183262622333, w=0.013492930211413895)","Workload(z0=0.01, z1=0.49, q=0.49, w=0.01)"
0.8500000000000001,1.2290532932319764,1.229043816312341,0.1,0.0005039249216427619,"Workload(z0=0.010076053292830069, z1=0.48821269023352265, q=0.4882183262622333, w=0.013492930211413895)","Workload(z0=0.01, z1=0.49, q=0.49, w=0.01)"
0.8500000000000001,1.2290532932319767,1.2290438163065602,0.2,0.0005039249216427619,"Workload(z0=0.010076053292830069, z1=0.48821269023352265, q=0.4882183262622333, w=0.013492930211413895)","Workload(z0=0.01, z1=0.49, q=0.49, w=0.01)"
0.8500000000000001,1.2290532932319764,1.2290438163037691,0.30000000000000004,0.0005039249216427619,"Workload(z0=0.010076053292830069, z1=0.48821269023352265, q=0.4882183262622333, w=0.013492930211413895)","Workload(z0=0.01, z1=0.49, q=0.49, w=0.01)"
0.8500000000000001,1.2290527461408325,1.229043816297802,0.4,0.0005039249216427619,"Workload(z0=0.010076053292830069, z1=0.48821269023352265, q=0.4882183262622333, w=0.013492930211413895)","Workload(z0=0.01, z1=0.49, q=0.49, w=0.01)"
0.8500000000000001,1.2290532932319769,1.2290438163615198,0.5,0.0005039249216427619,"Workload(z0=0.010076053292830069, z1=0.48821269023352265, q=0.4882183262622333, w=0.013492930211413895)","Workload(z0=0.01, z1=0.49, q=0.49, w=0.01)"
0.8500000000000001,1.2290532932319764,1.2290438163752786,0.6000000000000001,0.0005039249216427619,"Workload(z0=0.010076053292830069, z1=0.48821269023352265, q=0.4882183262622333, w=0.013492930211413895)","Workload(z0=0.01, z1=0.49, q=0.49, w=0.01)"
0.8500000000000001,1.2290532932319764,1.2290438162832484,0.7000000000000001,0.0005039249216427619,"Workload(z0=0.010076053292830069, z1=0.48821269023352265, q=0.4882183262622333, w=0.013492930211413895)","Workload(z0=0.01, z1=0.49, q=0.49, w=0.01)"
0.8500000000000001,1.2290532932319764,1.2290438163803274,0.8,0.0005039249216427619,"Workload(z0=0.010076053292830069, z1=0.48821269023352265, q=0.4882183262622333, w=0.013492930211413895)","Workload(z0=0.01, z1=0.49, q=0.49, w=0.01)"
0.8500000000000001,1.2290532932319764,1.2290438163727637,0.9,0.0005039249216427619,"Workload(z0=0.010076053292830069, z1=0.48821269023352265, q=0.4882183262622333, w=0.013492930211413895)","Workload(z0=0.01, z1=0.49, q=0.49, w=0.01)"
0.8500000000000001,1.2290532932319764,1.2290438162856017,1.0,0.0005039249216427619,"Workload(z0=0.010076053292830069, z1=0.48821269023352265, q=0.4882183262622333, w=0.013492930211413895)","Workload(z0=0.01, z1=0.49, q=0.49, w=0.01)"
0.8500000000000001,1.2290532932319764,1.2290438163068684,1.1,0.0005039249216427619,"Workload(z0=0.010076053292830069, z1=0.48821269023352265, q=0.4882183262622333, w=0.013492930211413895)","Workload(z0=0.01, z1=0.49, q=0.49, w=0.01)"
0.8500000000000001,1.2290532932319764,1.229043816307938,1.2000000000000002,0.0005039249216427619,"Workload(z0=0.010076053292830069, z1=0.48821269023352265, q=0.4882183262622333, w=0.013492930211413895)","Workload(z0=0.01, z1=0.49, q=0.49, w=0.01)"
0.8500000000000001,1.2290532932319764,1.2290438163713195,1.3,0.0005039249216427619,"Workload(z0=0.010076053292830069, z1=0.48821269023352265, q=0.4882183262622333, w=0.013492930211413895)","Workload(z0=0.01, z1=0.49, q=0.49, w=0.01)"
0.8500000000000001,1.2290532932319767,1.2290438163696826,1.4000000000000001,0.0005039249216427619,"Workload(z0=0.010076053292830069, z1=0.48821269023352265, q=0.4882183262622333, w=0.013492930211413895)","Workload(z0=0.01, z1=0.49, q=0.49, w=0.01)"
0.8500000000000001,1.2290532932319767,1.229043816321122,1.5,0.0005039249216427619,"Workload(z0=0.010076053292830069, z1=0.48821269023352265, q=0.4882183262622333, w=0.013492930211413895)","Workload(z0=0.01, z1=0.49, q=0.49, w=0.01)"
0.8500000000000001,1.2290532932319764,1.229043816376512,1.6,0.0005039249216427619,"Workload(z0=0.010076053292830069, z1=0.48821269023352265, q=0.4882183262622333, w=0.013492930211413895)","Workload(z0=0.01, z1=0.49, q=0.49, w=0.01)"
0.8500000000000001,1.2290532932319764,1.2290438163091657,1.7000000000000002,0.0005039249216427619,"Workload(z0=0.010076053292830069, z1=0.48821269023352265, q=0.4882183262622333, w=0.013492930211413895)","Workload(z0=0.01, z1=0.49, q=0.49, w=0.01)"
0.8500000000000001,1.2290532932319769,1.229043816309031,1.8,0.0005039249216427619,"Workload(z0=0.010076053292830069, z1=0.48821269023352265, q=0.4882183262622333, w=0.013492930211413895)","Workload(z0=0.01, z1=0.49, q=0.49, w=0.01)"
0.8500000000000001,1.2290532932319764,1.2290438163413548,1.9000000000000001,0.0005039249216427619,"Workload(z0=0.010076053292830069, z1=0.48821269023352265, q=0.4882183262622333, w=0.013492930211413895)","Workload(z0=0.01, z1=0.49, q=0.49, w=0.01)"
0.8500000000000001,1.2290532932319764,1.2290438163051447,2.0,0.0005039249216427619,"Workload(z0=0.010076053292830069, z1=0.48821269023352265, q=0.4882183262622333, w=0.013492930211413895)","Workload(z0=0.01, z1=0.49, q=0.49, w=0.01)"
0.9000000000000001,1.2319840831472517,1.2290438163120556,0.0,0.011604315865133183,"Workload(z0=0.03337001956984792, z1=0.4769440830089239, q=0.4799281665229299, w=0.009757730898298197)","Workload(z0=0.01, z1=0.49, q=0.49, w=0.01)"
0.9000000000000001,1.2290532932319764,1.2290438163718067,0.1,0.011604315865133183,"Workload(z0=0.03337001956984792, z1=0.4769440830089239, q=0.4799281665229299, w=0.009757730898298197)","Workload(z0=0.01, z1=0.49, q=0.49, w=0.01)"
0.9000000000000001,1.2290532932319764,1.229043816309322,0.2,0.011604315865133183,"Workload(z0=0.03337001956984792, z1=0.4769440830089239, q=0.4799281665229299, w=0.009757730898298197)","Workload(z0=0.01, z1=0.49, q=0.49, w=0.01)"
0.9000000000000001,1.2290532932319764,1.2290438163622868,0.30000000000000004,0.011604315865133183,"Workload(z0=0.03337001956984792, z1=0.4769440830089239, q=0.4799281665229299, w=0.009757730898298197)","Workload(z0=0.01, z1=0.49, q=0.49, w=0.01)"
0.9000000000000001,1.2290532932319764,1.2290438163159847,0.4,0.011604315865133183,"Workload(z0=0.03337001956984792, z1=0.4769440830089239, q=0.4799281665229299, w=0.009757730898298197)","Workload(z0=0.01, z1=0.49, q=0.49, w=0.01)"
0.9000000000000001,1.2290532932319764,1.2290438162893909,0.5,0.011604315865133183,"Workload(z0=0.03337001956984792, z1=0.4769440830089239, q=0.4799281665229299, w=0.009757730898298197)","Workload(z0=0.01, z1=0.49, q=0.49, w=0.01)"
0.9000000000000001,1.2290532932319764,1.2290438163126716,0.6000000000000001,0.011604315865133183,"Workload(z0=0.03337001956984792, z1=0.4769440830089239, q=0.4799281665229299, w=0.009757730898298197)","Workload(z0=0.01, z1=0.49, q=0.49, w=0.01)"
0.9000000000000001,1.2290532932319764,1.2290438163675759,0.7000000000000001,0.011604315865133183,"Workload(z0=0.03337001956984792, z1=0.4769440830089239, q=0.4799281665229299, w=0.009757730898298197)","Workload(z0=0.01, z1=0.49, q=0.49, w=0.01)"
0.9000000000000001,1.2290532932319764,1.2290438163106376,0.8,0.011604315865133183,"Workload(z0=0.03337001956984792, z1=0.4769440830089239, q=0.4799281665229299, w=0.009757730898298197)","Workload(z0=0.01, z1=0.49, q=0.49, w=0.01)"
0.9000000000000001,1.2290532932319769,1.2290438163087452,0.9,0.011604315865133183,"Workload(z0=0.03337001956984792, z1=0.4769440830089239, q=0.4799281665229299, w=0.009757730898298197)","Workload(z0=0.01, z1=0.49, q=0.49, w=0.01)"
0.9000000000000001,1.2290532932319767,1.229043816307775,1.0,0.011604315865133183,"Workload(z0=0.03337001956984792, z1=0.4769440830089239, q=0.4799281665229299, w=0.009757730898298197)","Workload(z0=0.01, z1=0.49, q=0.49, w=0.01)"
0.9000000000000001,1.2290532932319773,1.2290438163776571,1.1,0.011604315865133183,"Workload(z0=0.03337001956984792, z1=0.4769440830089239, q=0.4799281665229299, w=0.009757730898298197)","Workload(z0=0.01, z1=0.49, q=0.49, w=0.01)"
0.9000000000000001,1.2290532932319764,1.2290438163079147,1.2000000000000002,0.011604315865133183,"Workload(z0=0.03337001956984792, z1=0.4769440830089239, q=0.4799281665229299, w=0.009757730898298197)","Workload(z0=0.01, z1=0.49, q=0.49, w=0.01)"
0.9000000000000001,1.2290532932319764,1.2290438163811332,1.3,0.011604315865133183,"Workload(z0=0.03337001956984792, z1=0.4769440830089239, q=0.4799281665229299, w=0.009757730898298197)","Workload(z0=0.01, z1=0.49, q=0.49, w=0.01)"
0.9000000000000001,1.2290532932319767,1.2290438163695199,1.4000000000000001,0.011604315865133183,"Workload(z0=0.03337001956984792, z1=0.4769440830089239, q=0.4799281665229299, w=0.009757730898298197)","Workload(z0=0.01, z1=0.49, q=0.49, w=0.01)"
0.9000000000000001,1.2290532932319764,1.229043816288821,1.5,0.011604315865133183,"Workload(z0=0.03337001956984792, z1=0.4769440830089239, q=0.4799281665229299, w=0.009757730898298197)","Workload(z0=0.01, z1=0.49, q=0.49, w=0.01)"
0.9000000000000001,1.2290532932319769,1.2290438163699575,1.6,0.011604315865133183,"Workload(z0=0.03337001956984792, z1=0.4769440830089239, q=0.4799281665229299, w=0.009757730898298197)","Workload(z0=0.01, z1=0.49, q=0.49, w=0.01)"
0.9000000000000001,1.2290532932319769,1.2290438163663662,1.7000000000000002,0.011604315865133183,"Workload(z0=0.03337001956984792, z1=0.4769440830089239, q=0.4799281665229299, w=0.009757730898298197)","Workload(z0=0.01, z1=0.49, q=0.49, w=0.01)"
0.9000000000000001,1.2290532932319764,1.229043816384965,1.8,0.011604315865133183,"Workload(z0=0.03337001956984792, z1=0.4769440830089239, q=0.4799281665229299, w=0.009757730898298197)","Workload(z0=0.01, z1=0.49, q=0.49, w=0.01)"
0.9000000000000001,1.2290532932319764,1.2290438163112067,1.9000000000000001,0.011604315865133183,"Workload(z0=0.03337001956984792, z1=0.4769440830089239, q=0.4799281665229299, w=0.009757730898298197)","Workload(z0=0.01, z1=0.49, q=0.49, w=0.01)"
0.9000000000000001,1.2290532932319778,1.2290438163118953,2.0,0.011604315865133183,"Workload(z0=0.03337001956984792, z1=0.4769440830089239, q=0.4799281665229299, w=0.009757730898298197)","Workload(z0=0.01, z1=0.49, q=0.49, w=0.01)"
0.9500000000000001,1.2296878167902268,1.2290438163628108,0.0,0.025420028908528396,"Workload(z0=0.01948408069758077, z1=0.4569352938878427, q=0.47691704906045707, w=0.04666357635411926)","Workload(z0=0.01, z1=0.49, q=0.49, w=0.01)"
0.9500000000000001,1.2290532932319764,1.229043816358469,0.1,0.025420028908528396,"Workload(z0=0.01948408069758077, z1=0.4569352938878427, q=0.47691704906045707, w=0.04666357635411926)","Workload(z0=0.01, z1=0.49, q=0.49, w=0.01)"
0.9500000000000001,1.2290532932319764,1.2290438163065371,0.2,0.025420028908528396,"Workload(z0=0.01948408069758077, z1=0.4569352938878427, q=0.47691704906045707, w=0.04666357635411926)","Workload(z0=0.01, z1=0.49, q=0.49, w=0.01)"
0.9500000000000001,1.2290532932319767,1.2290438163798834,0.30000000000000004,0.025420028908528396,"Workload(z0=0.01948408069758077, z1=0.4569352938878427, q=0.47691704906045707, w=0.04666357635411926)","Workload(z0=0.01, z1=0.49, q=0.49, w=0.01)"
0.9500000000000001,1.2290532932319764,1.2290438163725121,0.4,0.025420028908528396,"Workload(z0=0.01948408069758077, z1=0.4569352938878427, q=0.47691704906045707, w=0.04666357635411926)","Workload(z0=0.01, z1=0.49, q=0.49, w=0.01)"
0.9500000000000001,1.2290532932319764,1.229043816308771,0.5,0.025420028908528396,"Workload(z0=0.01948408069758077, z1=0.4569352938878427, q=0.47691704906045707, w=0.04666357635411926)","Workload(z0=0.01, z1=0.49, q=0.49, w=0.01)"
0.9500000000000001,1.2290532932319764,1.2290438163088524,0.6000000000000001,0.025420028908528396,"Workload(z0=0.01948408069758077, z1=0.4569352938878427, q=0.47691704906045707, w=0.04666357635411926)","Workload(z0=0.01, z1=0.49, q=0.49, w=0.01)"
0.9500000000000001,1.2290532932319764,1.2290438163725121,0.7000000000000001,0.025420028908528396,"Workload(z0=0.01948408069758077, z1=0.4569352938878427, q=0.47691704906045707, w=0.04666357635411926)","Workload(z0=0.01, z1=0.49, q=0.49, w=0.01)"
0.9500000000000001,1.2290532932319764,1.2290438162832977,0.8,0.025420028908528396,"Workload(z0=0.01948408069758077, z1=0.4569352938878427, q=0.47691704906045707, w=0.04666357635411926)","Workload(z0=0.01, z1=0.49, q=0.49, w=0.01)"
0.9500000000000001,1.2290532932319769,1.2290438162841346,0.9,0.025420028908528396,"Workload(z0=0.01948408069758077, z1=0.4569352938878427, q=0.47691704906045707, w=0.04666357635411926)","Workload(z0=0.01, z1=0.49, q=0.49, w=0.01)"
0.9500000000000001,1.2290532932319764,1.229043816379669,1.0,0.025420028908528396,"Workload(z0=0.01948408069758077, z1=0.4569352938878427, q=0.47691704906045707, w=0.04666357635411926)","Workload(z0=0.01, z1=0.49, q=0.49, w=0.01)"
0.9500000000000001,1.2290532932319764,1.229043816371857,1.1,0.025420028908528396,"Workload(z0=0.01948408069758077, z1=0.4569352938878427, q=0.47691704906045707, w=0.04666357635411926)","Workload(z0=0.01, z1=0.49, q=0.49, w=0.01)"
0.9500000000000001,1.2290532932319764,1.2290438163625148,1.2000000000000002,0.025420028908528396,"Workload(z0=0.01948408069758077, z1=0.4569352938878427, q=0.47691704906045707, w=0.04666357635411926)","Workload(z0=0.01, z1=0.49, q=0.49, w=0.01)"
0.9500000000000001,1.2290532932319764,1.2290438163427906,1.3,0.025420028908528396,"Workload(z0=0.01948408069758077, z1=0.4569352938878427, q=0.47691704906045707, w=0.04666357635411926)","Workload(z0=0.01, z1=0.49, q=0.49, w=0.01)"
0.9500000000000001,1.2290532932319764,1.2290438163789985,1.4000000000000001,0.025420028908528396,"Workload(z0=0.01948408069758077, z1=0.4569352938878427, q=0.47691704906045707, w=0.04666357635411926)","Workload(z0=0.01, z1=0.49, q=0.49, w=0.01)"
0.9500000000000001,1.2290532932319764,1.2290438163725121,1.5,0.025420028908528396,"Workload(z0=0.01948408069758077, z1=0.4569352938878427, q=0.47691704906045707, w=0.04666357635411926)","Workload(z0=0.01, z1=0.49, q=0.49, w=0.01)"
0.9500000000000001,1.2290532932319764,1.2290438163095052,1.6,0.025420028908528396,"Workload(z0=0.01948408069758077, z1=0.4569352938878427, q=0.47691704906045707, w=0.04666357635411926)","Workload(z0=0.01, z1=0.49, q=0.49, w=0.01)"
0.9500000000000001,1.2290532932319767,1.2290438163396582,1.7000000000000002,0.025420028908528396,"Workload(z0=0.01948408069758077, z1=0.4569352938878427, q=0.47691704906045707, w=0.04666357635411926)","Workload(z0=0.01, z1=0.49, q=0.49, w=0.01)"
0.9500000000000001,1.2290532932319764,1.2290438164195527,1.8,0.025420028908528396,"Workload(z0=0.01948408069758077, z1=0.4569352938878427, q=0.47691704906045707, w=0.04666357635411926)","Workload(z0=0.01, z1=0.49, q=0.49, w=0.01)"
0.9500000000000001,1.2290532932319769,1.229043816373765,1.9000000000000001,0.025420028908528396,"Workload(z0=0.01948408069758077, z1=0.4569352938878427, q=0.47691704906045707, w=0.04666357635411926)","Workload(z0=0.01, z1=0.49, q=0.49, w=0.01)"
0.9500000000000001,1.2290532932319764,1.2290438163794348,2.0,0.025420028908528396,"Workload(z0=0.01948408069758077, z1=0.4569352938878427, q=0.47691704906045707, w=0.04666357635411926)","Workload(z0=0.01, z1=0.49, q=0.49, w=0.01)"
1.0,1.2290455581610735,1.2290438163495905,0.0,0.0019316446049168394,"Workload(z0=0.009882271481404841, z1=0.4834415844498503, q=0.48921776050179, w=0.017458383566954887)","Workload(z0=0.01, z1=0.49, q=0.49, w=0.01)"
1.0,1.2290532932319764,1.2290438163700739,0.1,0.0019316446049168394,"Workload(z0=0.009882271481404841, z1=0.4834415844498503, q=0.48921776050179, w=0.017458383566954887)","Workload(z0=0.01, z1=0.49, q=0.49, w=0.01)"
1.0,1.2290532932319764,1.229043816347209,0.2,0.0019316446049168394,"Workload(z0=0.009882271481404841, z1=0.4834415844498503, q=0.48921776050179, w=0.017458383566954887)","Workload(z0=0.01, z1=0.49, q=0.49, w=0.01)"
1.0,1.2290532932319764,1.229043816336242,0.30000000000000004,0.0019316446049168394,"Workload(z0=0.009882271481404841, z1=0.4834415844498503, q=0.48921776050179, w=0.017458383566954887)","Workload(z0=0.01, z1=0.49, q=0.49, w=0.01)"
1.0,1.2290532932319764,1.2290438163776947,0.4,0.0019316446049168394,"Workload(z0=0.009882271481404841, z1=0.4834415844498503, q=0.48921776050179, w=0.017458383566954887)","Workload(z0=0.01, z1=0.49, q=0.49, w=0.01)"
1.0,1.2290532932319764,1.229043816313211,0.5,0.0019316446049168394,"Workload(z0=0.009882271481404841, z1=0.4834415844498503, q=0.48921776050179, w=0.017458383566954887)","Workload(z0=0.01, z1=0.49, q=0.49, w=0.01)"
1.0,1.2290532932319764,1.2290438163239696,0.6000000000000001,0.0019316446049168394,"Workload(z0=0.009882271481404841, z1=0.4834415844498503, q=0.48921776050179, w=0.017458383566954887)","Workload(z0=0.01, z1=0.49, q=0.49, w=0.01)"
1.0,1.2290532932319764,1.2290438163471857,0.7000000000000001,0.0019316446049168394,"Workload(z0=0.009882271481404841, z1=0.4834415844498503, q=0.48921776050179, w=0.017458383566954887)","Workload(z0=0.01, z1=0.49, q=0.49, w=0.01)"
1.0,1.2290532932319764,1.2290438163451953,0.8,0.0019316446049168394,"Workload(z0=0.009882271481404841, z1=0.4834415844498503, q=0.48921776050179, w=0.017458383566954887)","Workload(z0=0.01, z1=0.49, q=0.49, w=0.01)"
1.0,1.2290532932319764,1.229043816337944,0.9,0.0019316446049168394,"Workload(z0=0.009882271481404841, z1=0.4834415844498503, q=0.48921776050179, w=0.017458383566954887)","Workload(z0=0.01, z1=0.49, q=0.49, w=0.01)"
1.0,1.2290532932319764,1.2290438163815538,1.0,0.0019316446049168394,"Workload(z0=0.009882271481404841, z1=0.4834415844498503, q=0.48921776050179, w=0.017458383566954887)","Workload(z0=0.01, z1=0.49, q=0.49, w=0.01)"
1.0,1.2290532932319764,1.2290438163126398,1.1,0.0019316446049168394,"Workload(z0=0.009882271481404841, z1=0.4834415844498503, q=0.48921776050179, w=0.017458383566954887)","Workload(z0=0.01, z1=0.49, q=0.49, w=0.01)"
1.0,1.2290532932319769,1.2290438163153294,1.2000000000000002,0.0019316446049168394,"Workload(z0=0.009882271481404841, z1=0.4834415844498503, q=0.48921776050179, w=0.017458383566954887)","Workload(z0=0.01, z1=0.49, q=0.49, w=0.01)"
1.0,1.2290532932319764,1.2290438163745314,1.3,0.0019316446049168394,"Workload(z0=0.009882271481404841, z1=0.4834415844498503, q=0.48921776050179, w=0.017458383566954887)","Workload(z0=0.01, z1=0.49, q=0.49, w=0.01)"
1.0,1.2290532932319764,1.2290438163352637,1.4000000000000001,0.0019316446049168394,"Workload(z0=0.009882271481404841, z1=0.4834415844498503, q=0.48921776050179, w=0.017458383566954887)","Workload(z0=0.01, z1=0.49, q=0.49, w=0.01)"
1.0,1.2290532932319764,1.2290438163720256,1.5,0.0019316446049168394,"Workload(z0=0.009882271481404841, z1=0.4834415844498503, q=0.48921776050179, w=0.017458383566954887)","Workload(z0=0.01, z1=0.49, q=0.49, w=0.01)"
1.0,1.2290532932319769,1.2290438163389648,1.6,0.0019316446049168394,"Workload(z0=0.009882271481404841, z1=0.4834415844498503, q=0.48921776050179, w=0.017458383566954887)","Workload(z0=0.01, z1=0.49, q=0.49, w=0.01)"
1.0,1.2290532932319767,1.2290438163072317,1.7000000000000002,0.0019316446049168394,"Workload(z0=0.009882271481404841, z1=0.4834415844498503, q=0.48921776050179, w=0.017458383566954887)","Workload(z0=0.01, z1=0.49, q=0.49, w=0.01)"
1.0,1.2290532932319767,1.2290438164056958,1.8,0.0019316446049168394,"Workload(z0=0.009882271481404841, z1=0.4834415844498503, q=0.48921776050179, w=0.017458383566954887)","Workload(z0=0.01, z1=0.49, q=0.49, w=0.01)"
1.0,1.2290532932319764,1.2290438162833868,1.9000000000000001,0.0019316446049168394,"Workload(z0=0.009882271481404841, z1=0.4834415844498503, q=0.48921776050179, w=0.017458383566954887)","Workload(z0=0.01, z1=0.49, q=0.49, w=0.01)"
1.0,1.2290532932319764,1.2290438163821278,2.0,0.0019316446049168394,"Workload(z0=0.009882271481404841, z1=0.4834415844498503, q=0.48921776050179, w=0.017458383566954887)","Workload(z0=0.01, z1=0.49, q=0.49, w=0.01)"
