Epsilon,Robust Cost,Nominal Cost,Rho,Rho (True),Workload (Perturbed),Workload (True)
0.05,0.948985140404919,0.9218927076225507,0.0,0.44059232690179584,"Workload(z0=0.2845691139773543, z1=0.2449390327809336, q=0.3782860201899146, w=0.09220583305179753)","Workload(z0=0.01, z1=0.33, q=0.33, w=0.33)"
0.05,0.933695514450931,0.9218927081563024,0.1,0.44059232690179584,"Workload(z0=0.2845691139773543, z1=0.2449390327809336, q=0.3782860201899146, w=0.09220583305179753)","Workload(z0=0.01, z1=0.33, q=0.33, w=0.33)"
0.05,0.9280274437595968,0.9218927075773957,0.2,0.44059232690179584,"Workload(z0=0.2845691139773543, z1=0.2449390327809336, q=0.3782860201899146, w=0.09220583305179753)","Workload(z0=0.01, z1=0.33, q=0.33, w=0.33)"
0.05,0.9247737182673492,0.9218927132920779,0.30000000000000004,0.44059232690179584,"Workload(z0=0.2845691139773543, z1=0.2449390327809336, q=0.3782860201899146, w=0.09220583305179753)","Workload(z0=0.01, z1=0.33, q=0.33, w=0.33)"
0.05,0.9227051571435201,0.9218927085219115,0.4,0.44059232690179584,"Workload(z0=0.2845691139773543, z1=0.2449390327809336, q=0.3782860201899146, w=0.09220583305179753)","Workload(z0=0.01, z1=0.33, q=0.33, w=0.33)"
0.05,0.9219048181329801,0.9218927075405012,0.5,0.44059232690179584,"Workload(z0=0.2845691139773543, z1=0.2449390327809336, q=0.3782860201899146, w=0.09220583305179753)","Workload(z0=0.01, z1=0.33, q=0.33, w=0.33)"
0.05,0.9218928210026244,0.9218927265560432,0.6000000000000001,0.44059232690179584,"Workload(z0=0.2845691139773543, z1=0.2449390327809336, q=0.3782860201899146, w=0.09220583305179753)","Workload(z0=0.01, z1=0.33, q=0.33, w=0.33)"
0.05,0.9218928210026244,0.9218927095370376,0.7000000000000001,0.44059232690179584,"Workload(z0=0.2845691139773543, z1=0.2449390327809336, q=0.3782860201899146, w=0.09220583305179753)","Workload(z0=0.01, z1=0.33, q=0.33, w=0.33)"
0.05,0.9218928210026244,0.9218927107520393,0.8,0.44059232690179584,"Workload(z0=0.2845691139773543, z1=0.2449390327809336, q=0.3782860201899146, w=0.09220583305179753)","Workload(z0=0.01, z1=0.33, q=0.33, w=0.33)"
0.05,0.9218928210026244,0.9218927075992874,0.9,0.44059232690179584,"Workload(z0=0.2845691139773543, z1=0.2449390327809336, q=0.3782860201899146, w=0.09220583305179753)","Workload(z0=0.01, z1=0.33, q=0.33, w=0.33)"
0.05,1.007340269278374,0.9218927099449202,1.0,0.44059232690179584,"Workload(z0=0.2845691139773543, z1=0.2449390327809336, q=0.3782860201899146, w=0.09220583305179753)","Workload(z0=0.01, z1=0.33, q=0.33, w=0.33)"
0.05,0.9218928210026249,0.9218927075476013,1.1,0.44059232690179584,"Workload(z0=0.2845691139773543, z1=0.2449390327809336, q=0.3782860201899146, w=0.09220583305179753)","Workload(z0=0.01, z1=0.33, q=0.33, w=0.33)"
0.05,0.9218928210026244,0.9218927094540559,1.2000000000000002,0.44059232690179584,"Workload(z0=0.2845691139773543, z1=0.2449390327809336, q=0.3782860201899146, w=0.09220583305179753)","Workload(z0=0.01, z1=0.33, q=0.33, w=0.33)"
0.05,0.9218928210026244,0.9218927076583366,1.3,0.44059232690179584,"Workload(z0=0.2845691139773543, z1=0.2449390327809336, q=0.3782860201899146, w=0.09220583305179753)","Workload(z0=0.01, z1=0.33, q=0.33, w=0.33)"
0.05,0.9218928210026244,0.9218927121410182,1.4000000000000001,0.44059232690179584,"Workload(z0=0.2845691139773543, z1=0.2449390327809336, q=0.3782860201899146, w=0.09220583305179753)","Workload(z0=0.01, z1=0.33, q=0.33, w=0.33)"
0.05,0.9218928210026244,0.9218927124064479,1.5,0.44059232690179584,"Workload(z0=0.2845691139773543, z1=0.2449390327809336, q=0.3782860201899146, w=0.09220583305179753)","Workload(z0=0.01, z1=0.33, q=0.33, w=0.33)"
0.05,0.9218928210026244,0.9218927076633183,1.6,0.44059232690179584,"Workload(z0=0.2845691139773543, z1=0.2449390327809336, q=0.3782860201899146, w=0.09220583305179753)","Workload(z0=0.01, z1=0.33, q=0.33, w=0.33)"
0.05,0.9218928210026243,0.9218927096789307,1.7000000000000002,0.44059232690179584,"Workload(z0=0.2845691139773543, z1=0.2449390327809336, q=0.3782860201899146, w=0.09220583305179753)","Workload(z0=0.01, z1=0.33, q=0.33, w=0.33)"
0.05,0.9218928210026244,0.9218927076211134,1.8,0.44059232690179584,"Workload(z0=0.2845691139773543, z1=0.2449390327809336, q=0.3782860201899146, w=0.09220583305179753)","Workload(z0=0.01, z1=0.33, q=0.33, w=0.33)"
0.05,0.9218928210026244,0.9218927075491938,1.9000000000000001,0.44059232690179584,"Workload(z0=0.2845691139773543, z1=0.2449390327809336, q=0.3782860201899146, w=0.09220583305179753)","Workload(z0=0.01, z1=0.33, q=0.33, w=0.33)"
0.1,0.9226520463497568,0.9218927079589037,0.0,0.7719087200029938,"Workload(z0=0.014693290185603081, z1=0.5347956512672306, q=0.43581776836156305, w=0.014693290185603081)","Workload(z0=0.01, z1=0.33, q=0.33, w=0.33)"
0.1,0.9218928210026244,0.9218927197067897,0.1,0.7719087200029938,"Workload(z0=0.014693290185603081, z1=0.5347956512672306, q=0.43581776836156305, w=0.014693290185603081)","Workload(z0=0.01, z1=0.33, q=0.33, w=0.33)"
0.1,0.9218928210026244,0.9218927096004091,0.2,0.7719087200029938,"Workload(z0=0.014693290185603081, z1=0.5347956512672306, q=0.43581776836156305, w=0.014693290185603081)","Workload(z0=0.01, z1=0.33, q=0.33, w=0.33)"
0.1,0.9218928210026244,0.9218927097095744,0.30000000000000004,0.7719087200029938,"Workload(z0=0.014693290185603081, z1=0.5347956512672306, q=0.43581776836156305, w=0.014693290185603081)","Workload(z0=0.01, z1=0.33, q=0.33, w=0.33)"
0.1,0.9218928210026244,0.921892707617365,0.4,0.7719087200029938,"Workload(z0=0.014693290185603081, z1=0.5347956512672306, q=0.43581776836156305, w=0.014693290185603081)","Workload(z0=0.01, z1=0.33, q=0.33, w=0.33)"
0.1,0.9218928210026244,0.9218927093152476,0.5,0.7719087200029938,"Workload(z0=0.014693290185603081, z1=0.5347956512672306, q=0.43581776836156305, w=0.014693290185603081)","Workload(z0=0.01, z1=0.33, q=0.33, w=0.33)"
0.1,0.9218928210026244,0.9218927092384277,0.6000000000000001,0.7719087200029938,"Workload(z0=0.014693290185603081, z1=0.5347956512672306, q=0.43581776836156305, w=0.014693290185603081)","Workload(z0=0.01, z1=0.33, q=0.33, w=0.33)"
0.1,0.9218928210026244,0.9218927087725831,0.7000000000000001,0.7719087200029938,"Workload(z0=0.014693290185603081, z1=0.5347956512672306, q=0.43581776836156305, w=0.014693290185603081)","Workload(z0=0.01, z1=0.33, q=0.33, w=0.33)"
0.1,0.9218928210026244,0.9218927089569539,0.8,0.7719087200029938,"Workload(z0=0.014693290185603081, z1=0.5347956512672306, q=0.43581776836156305, w=0.014693290185603081)","Workload(z0=0.01, z1=0.33, q=0.33, w=0.33)"
0.1,0.9218928210026244,0.9218927122754264,0.9,0.7719087200029938,"Workload(z0=0.014693290185603081, z1=0.5347956512672306, q=0.43581776836156305, w=0.014693290185603081)","Workload(z0=0.01, z1=0.33, q=0.33, w=0.33)"
0.1,0.9218928210026244,0.9218927080058781,1.0,0.7719087200029938,"Workload(z0=0.014693290185603081, z1=0.5347956512672306, q=0.43581776836156305, w=0.014693290185603081)","Workload(z0=0.01, z1=0.33, q=0.33, w=0.33)"
0.1,0.9218928210026244,0.9218927109702115,1.1,0.7719087200029938,"Workload(z0=0.014693290185603081, z1=0.5347956512672306, q=0.43581776836156305, w=0.014693290185603081)","Workload(z0=0.01, z1=0.33, q=0.33, w=0.33)"
0.1,0.9218928210026244,0.9218927077776217,1.2000000000000002,0.7719087200029938,"Workload(z0=0.014693290185603081, z1=0.5347956512672306, q=0.43581776836156305, w=0.014693290185603081)","Workload(z0=0.01, z1=0.33, q=0.33, w=0.33)"
0.1,0.9218928210026244,0.9218927076897039,1.3,0.7719087200029938,"Workload(z0=0.014693290185603081, z1=0.5347956512672306, q=0.43581776836156305, w=0.014693290185603081)","Workload(z0=0.01, z1=0.33, q=0.33, w=0.33)"
0.1,0.9218928210026244,0.9218927077025086,1.4000000000000001,0.7719087200029938,"Workload(z0=0.014693290185603081, z1=0.5347956512672306, q=0.43581776836156305, w=0.014693290185603081)","Workload(z0=0.01, z1=0.33, q=0.33, w=0.33)"
0.1,0.9218928210026245,0.9218927079813698,1.5,0.7719087200029938,"Workload(z0=0.014693290185603081, z1=0.5347956512672306, q=0.43581776836156305, w=0.014693290185603081)","Workload(z0=0.01, z1=0.33, q=0.33, w=0.33)"
0.1,0.9218928210026245,0.9218927100841798,1.6,0.7719087200029938,"Workload(z0=0.014693290185603081, z1=0.5347956512672306, q=0.43581776836156305, w=0.014693290185603081)","Workload(z0=0.01, z1=0.33, q=0.33, w=0.33)"
0.1,0.9218928210026244,0.9218927075544491,1.7000000000000002,0.7719087200029938,"Workload(z0=0.014693290185603081, z1=0.5347956512672306, q=0.43581776836156305, w=0.014693290185603081)","Workload(z0=0.01, z1=0.33, q=0.33, w=0.33)"
0.1,0.9218928210026244,0.9218927078201999,1.8,0.7719087200029938,"Workload(z0=0.014693290185603081, z1=0.5347956512672306, q=0.43581776836156305, w=0.014693290185603081)","Workload(z0=0.01, z1=0.33, q=0.33, w=0.33)"
0.1,0.9218928210026259,0.9218927077610826,1.9000000000000001,0.7719087200029938,"Workload(z0=0.014693290185603081, z1=0.5347956512672306, q=0.43581776836156305, w=0.014693290185603081)","Workload(z0=0.01, z1=0.33, q=0.33, w=0.33)"
0.15000000000000002,0.9328135377729047,0.9218927075431237,0.0,0.06634670420806363,"Workload(z0=0.08912079529550222, z1=0.2810541471640969, q=0.3509672439168174, w=0.2788578136235836)","Workload(z0=0.01, z1=0.33, q=0.33, w=0.33)"
0.15000000000000002,0.9247449125581091,0.92189271414198,0.1,0.06634670420806363,"Workload(z0=0.08912079529550222, z1=0.2810541471640969, q=0.3509672439168174, w=0.2788578136235836)","Workload(z0=0.01, z1=0.33, q=0.33, w=0.33)"
0.15000000000000002,0.9228210313584794,0.9218927082547925,0.2,0.06634670420806363,"Workload(z0=0.08912079529550222, z1=0.2810541471640969, q=0.3509672439168174, w=0.2788578136235836)","Workload(z0=0.01, z1=0.33, q=0.33, w=0.33)"
0.15000000000000002,0.922004550816651,0.9218927075429926,0.30000000000000004,0.06634670420806363,"Workload(z0=0.08912079529550222, z1=0.2810541471640969, q=0.3509672439168174, w=0.2788578136235836)","Workload(z0=0.01, z1=0.33, q=0.33, w=0.33)"
0.15000000000000002,0.9218928210026244,0.9218927088440997,0.4,0.06634670420806363,"Workload(z0=0.08912079529550222, z1=0.2810541471640969, q=0.3509672439168174, w=0.2788578136235836)","Workload(z0=0.01, z1=0.33, q=0.33, w=0.33)"
0.15000000000000002,0.9218928210026244,0.9218927107412062,0.5,0.06634670420806363,"Workload(z0=0.08912079529550222, z1=0.2810541471640969, q=0.3509672439168174, w=0.2788578136235836)","Workload(z0=0.01, z1=0.33, q=0.33, w=0.33)"
0.15000000000000002,0.9218928210026244,0.9218927080024051,0.6000000000000001,0.06634670420806363,"Workload(z0=0.08912079529550222, z1=0.2810541471640969, q=0.3509672439168174, w=0.2788578136235836)","Workload(z0=0.01, z1=0.33, q=0.33, w=0.33)"
0.15000000000000002,0.9218928210026244,0.9218927089983996,0.7000000000000001,0.06634670420806363,"Workload(z0=0.08912079529550222, z1=0.2810541471640969, q=0.3509672439168174, w=0.2788578136235836)","Workload(z0=0.01, z1=0.33, q=0.33, w=0.33)"
0.15000000000000002,0.9218928210026243,0.9218927076573024,0.8,0.06634670420806363,"Workload(z0=0.08912079529550222, z1=0.2810541471640969, q=0.3509672439168174, w=0.2788578136235836)","Workload(z0=0.01, z1=0.33, q=0.33, w=0.33)"
0.15000000000000002,0.9218928210026244,0.9218927081780239,0.9,0.06634670420806363,"Workload(z0=0.08912079529550222, z1=0.2810541471640969, q=0.3509672439168174, w=0.2788578136235836)","Workload(z0=0.01, z1=0.33, q=0.33, w=0.33)"
0.15000000000000002,0.9218928210026244,0.9218927083959232,1.0,0.06634670420806363,"Workload(z0=0.08912079529550222, z1=0.2810541471640969, q=0.3509672439168174, w=0.2788578136235836)","Workload(z0=0.01, z1=0.33, q=0.33, w=0.33)"
0.15000000000000002,0.9218928210026244,0.9218927075754556,1.1,0.06634670420806363,"Workload(z0=0.08912079529550222, z1=0.2810541471640969, q=0.3509672439168174, w=0.2788578136235836)","Workload(z0=0.01, z1=0.33, q=0.33, w=0.33)"
0.15000000000000002,0.9218928210026245,0.9218927085383202,1.2000000000000002,0.06634670420806363,"Workload(z0=0.08912079529550222, z1=0.2810541471640969, q=0.3509672439168174, w=0.2788578136235836)","Workload(z0=0.01, z1=0.33, q=0.33, w=0.33)"
0.15000000000000002,0.9218928210026244,0.9218927075584056,1.3,0.06634670420806363,"Workload(z0=0.08912079529550222, z1=0.2810541471640969, q=0.3509672439168174, w=0.2788578136235836)","Workload(z0=0.01, z1=0.33, q=0.33, w=0.33)"
0.15000000000000002,0.9218928210026244,0.9218927116967336,1.4000000000000001,0.06634670420806363,"Workload(z0=0.08912079529550222, z1=0.2810541471640969, q=0.3509672439168174, w=0.2788578136235836)","Workload(z0=0.01, z1=0.33, q=0.33, w=0.33)"
0.15000000000000002,0.9218928210026245,0.921892713790057,1.5,0.06634670420806363,"Workload(z0=0.08912079529550222, z1=0.2810541471640969, q=0.3509672439168174, w=0.2788578136235836)","Workload(z0=0.01, z1=0.33, q=0.33, w=0.33)"
0.15000000000000002,0.9218928210026244,0.9218927278170768,1.6,0.06634670420806363,"Workload(z0=0.08912079529550222, z1=0.2810541471640969, q=0.3509672439168174, w=0.2788578136235836)","Workload(z0=0.01, z1=0.33, q=0.33, w=0.33)"
0.15000000000000002,0.9218928210026244,0.9218927076710869,1.7000000000000002,0.06634670420806363,"Workload(z0=0.08912079529550222, z1=0.2810541471640969, q=0.3509672439168174, w=0.2788578136235836)","Workload(z0=0.01, z1=0.33, q=0.33, w=0.33)"
0.15000000000000002,0.9218928210026244,0.9218927102197827,1.8,0.06634670420806363,"Workload(z0=0.08912079529550222, z1=0.2810541471640969, q=0.3509672439168174, w=0.2788578136235836)","Workload(z0=0.01, z1=0.33, q=0.33, w=0.33)"
0.15000000000000002,0.9218928210026244,0.9218927075404219,1.9000000000000001,0.06634670420806363,"Workload(z0=0.08912079529550222, z1=0.2810541471640969, q=0.3509672439168174, w=0.2788578136235836)","Workload(z0=0.01, z1=0.33, q=0.33, w=0.33)"
0.2,0.923274115933115,0.9218927081339154,0.0,0.005577456924630075,"Workload(z0=0.02266894047504345, z1=0.31370594943880636, q=0.3169060187334611, w=0.34671909135268897)","Workload(z0=0.01, z1=0.33, q=0.33, w=0.33)"
0.2,0.9218933103006034,0.9218927103593023,0.1,0.005577456924630075,"Workload(z0=0.02266894047504345, z1=0.31370594943880636, q=0.3169060187334611, w=0.34671909135268897)","Workload(z0=0.01, z1=0.33, q=0.33, w=0.33)"
0.2,0.9218928210026244,0.9218927196148027,0.2,0.005577456924630075,"Workload(z0=0.02266894047504345, z1=0.31370594943880636, q=0.3169060187334611, w=0.34671909135268897)","Workload(z0=0.01, z1=0.33, q=0.33, w=0.33)"
0.2,0.9218928210026244,0.9218927082013554,0.30000000000000004,0.005577456924630075,"Workload(z0=0.02266894047504345, z1=0.31370594943880636, q=0.3169060187334611, w=0.34671909135268897)","Workload(z0=0.01, z1=0.33, q=0.33, w=0.33)"
0.2,0.9218928210026244,0.9218927076884129,0.4,0.005577456924630075,"Workload(z0=0.02266894047504345, z1=0.31370594943880636, q=0.3169060187334611, w=0.34671909135268897)","Workload(z0=0.01, z1=0.33, q=0.33, w=0.33)"
0.2,0.9218928210026244,0.921892707613712,0.5,0.005577456924630075,"Workload(z0=0.02266894047504345, z1=0.31370594943880636, q=0.3169060187334611, w=0.34671909135268897)","Workload(z0=0.01, z1=0.33, q=0.33, w=0.33)"
0.2,0.9218928210026244,0.9218927081387494,0.6000000000000001,0.005577456924630075,"Workload(z0=0.02266894047504345, z1=0.31370594943880636, q=0.3169060187334611, w=0.34671909135268897)","Workload(z0=0.01, z1=0.33, q=0.33, w=0.33)"
0.2,0.9218928210026244,0.9218927075411886,0.7000000000000001,0.005577456924630075,"Workload(z0=0.02266894047504345, z1=0.31370594943880636, q=0.3169060187334611, w=0.34671909135268897)","Workload(z0=0.01, z1=0.33, q=0.33, w=0.33)"
0.2,0.9218928210026244,0.9218927103238281,0.8,0.005577456924630075,"Workload(z0=0.02266894047504345, z1=0.31370594943880636, q=0.3169060187334611, w=0.34671909135268897)","Workload(z0=0.01, z1=0.33, q=0.33, w=0.33)"
0.2,0.9218928210026244,0.9218927079008473,0.9,0.005577456924630075,"Workload(z0=0.02266894047504345, z1=0.31370594943880636, q=0.3169060187334611, w=0.34671909135268897)","Workload(z0=0.01, z1=0.33, q=0.33, w=0.33)"
0.2,0.9218928210026244,0.9218927081144308,1.0,0.005577456924630075,"Workload(z0=0.02266894047504345, z1=0.31370594943880636, q=0.3169060187334611, w=0.34671909135268897)","Workload(z0=0.01, z1=0.33, q=0.33, w=0.33)"
0.2,0.9218928210026244,0.9218927112008986,1.1,0.005577456924630075,"Workload(z0=0.02266894047504345, z1=0.31370594943880636, q=0.3169060187334611, w=0.34671909135268897)","Workload(z0=0.01, z1=0.33, q=0.33, w=0.33)"
0.2,0.9218928210026244,0.9218927100610323,1.2000000000000002,0.005577456924630075,"Workload(z0=0.02266894047504345, z1=0.31370594943880636, q=0.3169060187334611, w=0.34671909135268897)","Workload(z0=0.01, z1=0.33, q=0.33, w=0.33)"
0.2,0.9218928210026244,0.9218927075430119,1.3,0.005577456924630075,"Workload(z0=0.02266894047504345, z1=0.31370594943880636, q=0.3169060187334611, w=0.34671909135268897)","Workload(z0=0.01, z1=0.33, q=0.33, w=0.33)"
0.2,0.9218928210026244,0.9218927077306001,1.4000000000000001,0.005577456924630075,"Workload(z0=0.02266894047504345, z1=0.31370594943880636, q=0.3169060187334611, w=0.34671909135268897)","Workload(z0=0.01, z1=0.33, q=0.33, w=0.33)"
0.2,0.9218928210026244,0.9218927089193504,1.5,0.005577456924630075,"Workload(z0=0.02266894047504345, z1=0.31370594943880636, q=0.3169060187334611, w=0.34671909135268897)","Workload(z0=0.01, z1=0.33, q=0.33, w=0.33)"
0.2,0.9218928210026244,0.9218927187297679,1.6,0.005577456924630075,"Workload(z0=0.02266894047504345, z1=0.31370594943880636, q=0.3169060187334611, w=0.34671909135268897)","Workload(z0=0.01, z1=0.33, q=0.33, w=0.33)"
0.2,0.9218928210026244,0.9218927076901525,1.7000000000000002,0.005577456924630075,"Workload(z0=0.02266894047504345, z1=0.31370594943880636, q=0.3169060187334611, w=0.34671909135268897)","Workload(z0=0.01, z1=0.33, q=0.33, w=0.33)"
0.2,0.9218928210026244,0.9218927075424306,1.8,0.005577456924630075,"Workload(z0=0.02266894047504345, z1=0.31370594943880636, q=0.3169060187334611, w=0.34671909135268897)","Workload(z0=0.01, z1=0.33, q=0.33, w=0.33)"
0.2,0.9218928210026244,0.921892708396901,1.9000000000000001,0.005577456924630075,"Workload(z0=0.02266894047504345, z1=0.31370594943880636, q=0.3169060187334611, w=0.34671909135268897)","Workload(z0=0.01, z1=0.33, q=0.33, w=0.33)"
0.25,0.9300916372673751,0.9218927092563409,0.0,0.03404783109937547,"Workload(z0=0.05991791039997256, z1=0.31288613118638003, q=0.2988485317590987, w=0.32834742665454875)","Workload(z0=0.01, z1=0.33, q=0.33, w=0.33)"
0.25,0.923877875281429,0.9218927075487954,0.1,0.03404783109937547,"Workload(z0=0.05991791039997256, z1=0.31288613118638003, q=0.2988485317590987, w=0.32834742665454875)","Workload(z0=0.01, z1=0.33, q=0.33, w=0.33)"
0.25,0.922442474370276,0.9218927091855434,0.2,0.03404783109937547,"Workload(z0=0.05991791039997256, z1=0.31288613118638003, q=0.2988485317590987, w=0.32834742665454875)","Workload(z0=0.01, z1=0.33, q=0.33, w=0.33)"
0.25,0.9219615050755094,0.9218927075942305,0.30000000000000004,0.03404783109937547,"Workload(z0=0.05991791039997256, z1=0.31288613118638003, q=0.2988485317590987, w=0.32834742665454875)","Workload(z0=0.01, z1=0.33, q=0.33, w=0.33)"
0.25,0.9218928210026244,0.92189271036047,0.4,0.03404783109937547,"Workload(z0=0.05991791039997256, z1=0.31288613118638003, q=0.2988485317590987, w=0.32834742665454875)","Workload(z0=0.01, z1=0.33, q=0.33, w=0.33)"
0.25,0.9218928210026244,0.9218927078725511,0.5,0.03404783109937547,"Workload(z0=0.05991791039997256, z1=0.31288613118638003, q=0.2988485317590987, w=0.32834742665454875)","Workload(z0=0.01, z1=0.33, q=0.33, w=0.33)"
0.25,0.9218928210026244,0.9218927093473505,0.6000000000000001,0.03404783109937547,"Workload(z0=0.05991791039997256, z1=0.31288613118638003, q=0.2988485317590987, w=0.32834742665454875)","Workload(z0=0.01, z1=0.33, q=0.33, w=0.33)"
0.25,0.9218928210026244,0.9218927080935102,0.7000000000000001,0.03404783109937547,"Workload(z0=0.05991791039997256, z1=0.31288613118638003, q=0.2988485317590987, w=0.32834742665454875)","Workload(z0=0.01, z1=0.33, q=0.33, w=0.33)"
0.25,0.9218928210026244,0.9218927102452187,0.8,0.03404783109937547,"Workload(z0=0.05991791039997256, z1=0.31288613118638003, q=0.2988485317590987, w=0.32834742665454875)","Workload(z0=0.01, z1=0.33, q=0.33, w=0.33)"
0.25,0.9218928210026244,0.9218927081946272,0.9,0.03404783109937547,"Workload(z0=0.05991791039997256, z1=0.31288613118638003, q=0.2988485317590987, w=0.32834742665454875)","Workload(z0=0.01, z1=0.33, q=0.33, w=0.33)"
0.25,0.9218928210026243,0.921892709088501,1.0,0.03404783109937547,"Workload(z0=0.05991791039997256, z1=0.31288613118638003, q=0.2988485317590987, w=0.32834742665454875)","Workload(z0=0.01, z1=0.33, q=0.33, w=0.33)"
0.25,0.9218928210026244,0.9218927114398838,1.1,0.03404783109937547,"Workload(z0=0.05991791039997256, z1=0.31288613118638003, q=0.2988485317590987, w=0.32834742665454875)","Workload(z0=0.01, z1=0.33, q=0.33, w=0.33)"
0.25,0.9218928210026244,0.9218927082504855,1.2000000000000002,0.03404783109937547,"Workload(z0=0.05991791039997256, z1=0.31288613118638003, q=0.2988485317590987, w=0.32834742665454875)","Workload(z0=0.01, z1=0.33, q=0.33, w=0.33)"
0.25,0.9218928210026244,0.9218927077880985,1.3,0.03404783109937547,"Workload(z0=0.05991791039997256, z1=0.31288613118638003, q=0.2988485317590987, w=0.32834742665454875)","Workload(z0=0.01, z1=0.33, q=0.33, w=0.33)"
0.25,0.9218928210026244,0.9218927232345039,1.4000000000000001,0.03404783109937547,"Workload(z0=0.05991791039997256, z1=0.31288613118638003, q=0.2988485317590987, w=0.32834742665454875)","Workload(z0=0.01, z1=0.33, q=0.33, w=0.33)"
0.25,0.9218928210026244,0.921892707766507,1.5,0.03404783109937547,"Workload(z0=0.05991791039997256, z1=0.31288613118638003, q=0.2988485317590987, w=0.32834742665454875)","Workload(z0=0.01, z1=0.33, q=0.33, w=0.33)"
0.25,0.9218928210026244,0.9218927079999454,1.6,0.03404783109937547,"Workload(z0=0.05991791039997256, z1=0.31288613118638003, q=0.2988485317590987, w=0.32834742665454875)","Workload(z0=0.01, z1=0.33, q=0.33, w=0.33)"
0.25,0.9218928210026244,0.9218927105686031,1.7000000000000002,0.03404783109937547,"Workload(z0=0.05991791039997256, z1=0.31288613118638003, q=0.2988485317590987, w=0.32834742665454875)","Workload(z0=0.01, z1=0.33, q=0.33, w=0.33)"
0.25,0.9218928210026244,0.921892707616001,1.8,0.03404783109937547,"Workload(z0=0.05991791039997256, z1=0.31288613118638003, q=0.2988485317590987, w=0.32834742665454875)","Workload(z0=0.01, z1=0.33, q=0.33, w=0.33)"
0.25,0.9218928210026244,0.9218927076977143,1.9000000000000001,0.03404783109937547,"Workload(z0=0.05991791039997256, z1=0.31288613118638003, q=0.2988485317590987, w=0.32834742665454875)","Workload(z0=0.01, z1=0.33, q=0.33, w=0.33)"
0.3,0.9218928210026244,0.9218927199428237,0.0,0.003090235874302478,"Workload(z0=0.010068142256395166, z1=0.29554976388805776, q=0.33689513486832345, w=0.35748695898722366)","Workload(z0=0.01, z1=0.33, q=0.33, w=0.33)"
0.3,0.9218928210026244,0.9218927089830854,0.1,0.003090235874302478,"Workload(z0=0.010068142256395166, z1=0.29554976388805776, q=0.33689513486832345, w=0.35748695898722366)","Workload(z0=0.01, z1=0.33, q=0.33, w=0.33)"
0.3,0.9218928210026244,0.9218927077161843,0.2,0.003090235874302478,"Workload(z0=0.010068142256395166, z1=0.29554976388805776, q=0.33689513486832345, w=0.35748695898722366)","Workload(z0=0.01, z1=0.33, q=0.33, w=0.33)"
0.3,0.9218928210026244,0.9218927077001287,0.30000000000000004,0.003090235874302478,"Workload(z0=0.010068142256395166, z1=0.29554976388805776, q=0.33689513486832345, w=0.35748695898722366)","Workload(z0=0.01, z1=0.33, q=0.33, w=0.33)"
0.3,0.9218928210026244,0.9218927080061309,0.4,0.003090235874302478,"Workload(z0=0.010068142256395166, z1=0.29554976388805776, q=0.33689513486832345, w=0.35748695898722366)","Workload(z0=0.01, z1=0.33, q=0.33, w=0.33)"
0.3,0.9218928210026244,0.9218927080648184,0.5,0.003090235874302478,"Workload(z0=0.010068142256395166, z1=0.29554976388805776, q=0.33689513486832345, w=0.35748695898722366)","Workload(z0=0.01, z1=0.33, q=0.33, w=0.33)"
0.3,0.9218928210026244,0.9218927082363619,0.6000000000000001,0.003090235874302478,"Workload(z0=0.010068142256395166, z1=0.29554976388805776, q=0.33689513486832345, w=0.35748695898722366)","Workload(z0=0.01, z1=0.33, q=0.33, w=0.33)"
0.3,0.9218928210026244,0.9218927105146189,0.7000000000000001,0.003090235874302478,"Workload(z0=0.010068142256395166, z1=0.29554976388805776, q=0.33689513486832345, w=0.35748695898722366)","Workload(z0=0.01, z1=0.33, q=0.33, w=0.33)"
0.3,0.9218928210026244,0.9218927078974386,0.8,0.003090235874302478,"Workload(z0=0.010068142256395166, z1=0.29554976388805776, q=0.33689513486832345, w=0.35748695898722366)","Workload(z0=0.01, z1=0.33, q=0.33, w=0.33)"
0.3,0.9218928210026244,0.9218927085361898,0.9,0.003090235874302478,"Workload(z0=0.010068142256395166, z1=0.29554976388805776, q=0.33689513486832345, w=0.35748695898722366)","Workload(z0=0.01, z1=0.33, q=0.33, w=0.33)"
0.3,0.9218928210026244,0.92189272441463,1.0,0.003090235874302478,"Workload(z0=0.010068142256395166, z1=0.29554976388805776, q=0.33689513486832345, w=0.35748695898722366)","Workload(z0=0.01, z1=0.33, q=0.33, w=0.33)"
0.3,0.9218928210026244,0.9218927101569754,1.1,0.003090235874302478,"Workload(z0=0.010068142256395166, z1=0.29554976388805776, q=0.33689513486832345, w=0.35748695898722366)","Workload(z0=0.01, z1=0.33, q=0.33, w=0.33)"
0.3,0.9218928210026245,0.9218927095608231,1.2000000000000002,0.003090235874302478,"Workload(z0=0.010068142256395166, z1=0.29554976388805776, q=0.33689513486832345, w=0.35748695898722366)","Workload(z0=0.01, z1=0.33, q=0.33, w=0.33)"
0.3,0.9218928210026244,0.9218927077937946,1.3,0.003090235874302478,"Workload(z0=0.010068142256395166, z1=0.29554976388805776, q=0.33689513486832345, w=0.35748695898722366)","Workload(z0=0.01, z1=0.33, q=0.33, w=0.33)"
0.3,0.9218928210026244,0.9218927075413503,1.4000000000000001,0.003090235874302478,"Workload(z0=0.010068142256395166, z1=0.29554976388805776, q=0.33689513486832345, w=0.35748695898722366)","Workload(z0=0.01, z1=0.33, q=0.33, w=0.33)"
0.3,0.9218928210026244,0.9218927082745454,1.5,0.003090235874302478,"Workload(z0=0.010068142256395166, z1=0.29554976388805776, q=0.33689513486832345, w=0.35748695898722366)","Workload(z0=0.01, z1=0.33, q=0.33, w=0.33)"
0.3,0.9218928210026244,0.921892708348813,1.6,0.003090235874302478,"Workload(z0=0.010068142256395166, z1=0.29554976388805776, q=0.33689513486832345, w=0.35748695898722366)","Workload(z0=0.01, z1=0.33, q=0.33, w=0.33)"
0.3,0.9218928210026244,0.921892707661693,1.7000000000000002,0.003090235874302478,"Workload(z0=0.010068142256395166, z1=0.29554976388805776, q=0.33689513486832345, w=0.35748695898722366)","Workload(z0=0.01, z1=0.33, q=0.33, w=0.33)"
0.3,0.9218928210026244,0.921892707802372,1.8,0.003090235874302478,"Workload(z0=0.010068142256395166, z1=0.29554976388805776, q=0.33689513486832345, w=0.35748695898722366)","Workload(z0=0.01, z1=0.33, q=0.33, w=0.33)"
0.3,0.9218928210026245,0.9218927076665148,1.9000000000000001,0.003090235874302478,"Workload(z0=0.010068142256395166, z1=0.29554976388805776, q=0.33689513486832345, w=0.35748695898722366)","Workload(z0=0.01, z1=0.33, q=0.33, w=0.33)"
0.35000000000000003,0.9218928210026244,0.921892707541845,0.0,0.0007054727168690714,"Workload(z0=0.010085801418167896, z1=0.3173246608414211, q=0.3470338538069183, w=0.3255556839334927)","Workload(z0=0.01, z1=0.33, q=0.33, w=0.33)"
0.35000000000000003,0.9218928210026244,0.921892707540441,0.1,0.0007054727168690714,"Workload(z0=0.010085801418167896, z1=0.3173246608414211, q=0.3470338538069183, w=0.3255556839334927)","Workload(z0=0.01, z1=0.33, q=0.33, w=0.33)"
0.35000000000000003,0.9218928210026244,0.9218927075649044,0.2,0.0007054727168690714,"Workload(z0=0.010085801418167896, z1=0.3173246608414211, q=0.3470338538069183, w=0.3255556839334927)","Workload(z0=0.01, z1=0.33, q=0.33, w=0.33)"
0.35000000000000003,0.9218928210026244,0.9218927091016987,0.30000000000000004,0.0007054727168690714,"Workload(z0=0.010085801418167896, z1=0.3173246608414211, q=0.3470338538069183, w=0.3255556839334927)","Workload(z0=0.01, z1=0.33, q=0.33, w=0.33)"
0.35000000000000003,0.9218928210026244,0.9218927105267709,0.4,0.0007054727168690714,"Workload(z0=0.010085801418167896, z1=0.3173246608414211, q=0.3470338538069183, w=0.3255556839334927)","Workload(z0=0.01, z1=0.33, q=0.33, w=0.33)"
0.35000000000000003,0.9218928210026244,0.9218927077489897,0.5,0.0007054727168690714,"Workload(z0=0.010085801418167896, z1=0.3173246608414211, q=0.3470338538069183, w=0.3255556839334927)","Workload(z0=0.01, z1=0.33, q=0.33, w=0.33)"
0.35000000000000003,0.9218928210026244,0.9218927082539183,0.6000000000000001,0.0007054727168690714,"Workload(z0=0.010085801418167896, z1=0.3173246608414211, q=0.3470338538069183, w=0.3255556839334927)","Workload(z0=0.01, z1=0.33, q=0.33, w=0.33)"
0.35000000000000003,0.9218928210026244,0.9218927076749788,0.7000000000000001,0.0007054727168690714,"Workload(z0=0.010085801418167896, z1=0.3173246608414211, q=0.3470338538069183, w=0.3255556839334927)","Workload(z0=0.01, z1=0.33, q=0.33, w=0.33)"
0.35000000000000003,0.9218928210026244,0.921892707544815,0.8,0.0007054727168690714,"Workload(z0=0.010085801418167896, z1=0.3173246608414211, q=0.3470338538069183, w=0.3255556839334927)","Workload(z0=0.01, z1=0.33, q=0.33, w=0.33)"
0.35000000000000003,0.9218928210026244,0.9218927081197122,0.9,0.0007054727168690714,"Workload(z0=0.010085801418167896, z1=0.3173246608414211, q=0.3470338538069183, w=0.3255556839334927)","Workload(z0=0.01, z1=0.33, q=0.33, w=0.33)"
0.35000000000000003,0.9218928210026244,0.9218927208219311,1.0,0.0007054727168690714,"Workload(z0=0.010085801418167896, z1=0.3173246608414211, q=0.3470338538069183, w=0.3255556839334927)","Workload(z0=0.01, z1=0.33, q=0.33, w=0.33)"
0.35000000000000003,0.9218928210026244,0.9218927075415263,1.1,0.0007054727168690714,"Workload(z0=0.010085801418167896, z1=0.3173246608414211, q=0.3470338538069183, w=0.3255556839334927)","Workload(z0=0.01, z1=0.33, q=0.33, w=0.33)"
0.35000000000000003,0.9218928210026244,0.9218927088117459,1.2000000000000002,0.0007054727168690714,"Workload(z0=0.010085801418167896, z1=0.3173246608414211, q=0.3470338538069183, w=0.3255556839334927)","Workload(z0=0.01, z1=0.33, q=0.33, w=0.33)"
0.35000000000000003,0.9218928210026244,0.921892707591052,1.3,0.0007054727168690714,"Workload(z0=0.010085801418167896, z1=0.3173246608414211, q=0.3470338538069183, w=0.3255556839334927)","Workload(z0=0.01, z1=0.33, q=0.33, w=0.33)"
0.35000000000000003,0.9218928210026245,0.9218927131039948,1.4000000000000001,0.0007054727168690714,"Workload(z0=0.010085801418167896, z1=0.3173246608414211, q=0.3470338538069183, w=0.3255556839334927)","Workload(z0=0.01, z1=0.33, q=0.33, w=0.33)"
0.35000000000000003,0.9218928210026245,0.9218927078770688,1.5,0.0007054727168690714,"Workload(z0=0.010085801418167896, z1=0.3173246608414211, q=0.3470338538069183, w=0.3255556839334927)","Workload(z0=0.01, z1=0.33, q=0.33, w=0.33)"
0.35000000000000003,0.9218928210026244,0.9218927090815815,1.6,0.0007054727168690714,"Workload(z0=0.010085801418167896, z1=0.3173246608414211, q=0.3470338538069183, w=0.3255556839334927)","Workload(z0=0.01, z1=0.33, q=0.33, w=0.33)"
0.35000000000000003,0.9218928210026245,0.9218927112199348,1.7000000000000002,0.0007054727168690714,"Workload(z0=0.010085801418167896, z1=0.3173246608414211, q=0.3470338538069183, w=0.3255556839334927)","Workload(z0=0.01, z1=0.33, q=0.33, w=0.33)"
0.35000000000000003,0.9218928210026244,0.9218927085156872,1.8,0.0007054727168690714,"Workload(z0=0.010085801418167896, z1=0.3173246608414211, q=0.3470338538069183, w=0.3255556839334927)","Workload(z0=0.01, z1=0.33, q=0.33, w=0.33)"
0.35000000000000003,0.9218928210026244,0.9218927079800041,1.9000000000000001,0.0007054727168690714,"Workload(z0=0.010085801418167896, z1=0.3173246608414211, q=0.3470338538069183, w=0.3255556839334927)","Workload(z0=0.01, z1=0.33, q=0.33, w=0.33)"
0.4,0.9270433425036314,0.921892707834363,0.0,0.021462897958673136,"Workload(z0=0.04552275898227345, z1=0.30562784832649476, q=0.32858297009086895, w=0.32026642260036287)","Workload(z0=0.01, z1=0.33, q=0.33, w=0.33)"
0.4,0.9225301860892824,0.9218927099485142,0.1,0.021462897958673136,"Workload(z0=0.04552275898227345, z1=0.30562784832649476, q=0.32858297009086895, w=0.32026642260036287)","Workload(z0=0.01, z1=0.33, q=0.33, w=0.33)"
0.4,0.9219801989773055,0.9218927084380633,0.2,0.021462897958673136,"Workload(z0=0.04552275898227345, z1=0.30562784832649476, q=0.32858297009086895, w=0.32026642260036287)","Workload(z0=0.01, z1=0.33, q=0.33, w=0.33)"
0.4,0.9218928210026244,0.9218927076060603,0.30000000000000004,0.021462897958673136,"Workload(z0=0.04552275898227345, z1=0.30562784832649476, q=0.32858297009086895, w=0.32026642260036287)","Workload(z0=0.01, z1=0.33, q=0.33, w=0.33)"
0.4,0.9218928210026244,0.9218927075516026,0.4,0.021462897958673136,"Workload(z0=0.04552275898227345, z1=0.30562784832649476, q=0.32858297009086895, w=0.32026642260036287)","Workload(z0=0.01, z1=0.33, q=0.33, w=0.33)"
0.4,0.9218928210026244,0.921892707575903,0.5,0.021462897958673136,"Workload(z0=0.04552275898227345, z1=0.30562784832649476, q=0.32858297009086895, w=0.32026642260036287)","Workload(z0=0.01, z1=0.33, q=0.33, w=0.33)"
0.4,0.9218928210026244,0.9218927082019803,0.6000000000000001,0.021462897958673136,"Workload(z0=0.04552275898227345, z1=0.30562784832649476, q=0.32858297009086895, w=0.32026642260036287)","Workload(z0=0.01, z1=0.33, q=0.33, w=0.33)"
0.4,0.9218928210026244,0.9218927082923639,0.7000000000000001,0.021462897958673136,"Workload(z0=0.04552275898227345, z1=0.30562784832649476, q=0.32858297009086895, w=0.32026642260036287)","Workload(z0=0.01, z1=0.33, q=0.33, w=0.33)"
0.4,0.9218928210026244,0.9218927077284185,0.8,0.021462897958673136,"Workload(z0=0.04552275898227345, z1=0.30562784832649476, q=0.32858297009086895, w=0.32026642260036287)","Workload(z0=0.01, z1=0.33, q=0.33, w=0.33)"
0.4,0.9218928210026244,0.9218927076078461,0.9,0.021462897958673136,"Workload(z0=0.04552275898227345, z1=0.30562784832649476, q=0.32858297009086895, w=0.32026642260036287)","Workload(z0=0.01, z1=0.33, q=0.33, w=0.33)"
0.4,0.9218928210026244,0.9218927075425142,1.0,0.021462897958673136,"Workload(z0=0.04552275898227345, z1=0.30562784832649476, q=0.32858297009086895, w=0.32026642260036287)","Workload(z0=0.01, z1=0.33, q=0.33, w=0.33)"
0.4,0.9218928210026244,0.9218927076614469,1.1,0.021462897958673136,"Workload(z0=0.04552275898227345, z1=0.30562784832649476, q=0.32858297009086895, w=0.32026642260036287)","Workload(z0=0.01, z1=0.33, q=0.33, w=0.33)"
0.4,0.9218928210026243,0.9218927077910557,1.2000000000000002,0.021462897958673136,"Workload(z0=0.04552275898227345, z1=0.30562784832649476, q=0.32858297009086895, w=0.32026642260036287)","Workload(z0=0.01, z1=0.33, q=0.33, w=0.33)"
0.4,0.9218928210026267,0.9218927123776578,1.3,0.021462897958673136,"Workload(z0=0.04552275898227345, z1=0.30562784832649476, q=0.32858297009086895, w=0.32026642260036287)","Workload(z0=0.01, z1=0.33, q=0.33, w=0.33)"
0.4,1.1022117553002075,0.9218927112836142,1.4000000000000001,0.021462897958673136,"Workload(z0=0.04552275898227345, z1=0.30562784832649476, q=0.32858297009086895, w=0.32026642260036287)","Workload(z0=0.01, z1=0.33, q=0.33, w=0.33)"
0.4,0.9222773105426174,0.9218927075415767,1.5,0.021462897958673136,"Workload(z0=0.04552275898227345, z1=0.30562784832649476, q=0.32858297009086895, w=0.32026642260036287)","Workload(z0=0.01, z1=0.33, q=0.33, w=0.33)"
0.4,0.9218928210026244,0.9218927099605609,1.6,0.021462897958673136,"Workload(z0=0.04552275898227345, z1=0.30562784832649476, q=0.32858297009086895, w=0.32026642260036287)","Workload(z0=0.01, z1=0.33, q=0.33, w=0.33)"
0.4,0.9218928210026245,0.9218927079482507,1.7000000000000002,0.021462897958673136,"Workload(z0=0.04552275898227345, z1=0.30562784832649476, q=0.32858297009086895, w=0.32026642260036287)","Workload(z0=0.01, z1=0.33, q=0.33, w=0.33)"
0.4,0.9218928210026244,0.9218927077309048,1.8,0.021462897958673136,"Workload(z0=0.04552275898227345, z1=0.30562784832649476, q=0.32858297009086895, w=0.32026642260036287)","Workload(z0=0.01, z1=0.33, q=0.33, w=0.33)"
0.4,0.9218928210026244,0.921892709950633,1.9000000000000001,0.021462897958673136,"Workload(z0=0.04552275898227345, z1=0.30562784832649476, q=0.32858297009086895, w=0.32026642260036287)","Workload(z0=0.01, z1=0.33, q=0.33, w=0.33)"
0.45,0.9220204639976092,0.9218927077966697,0.0,0.011851600707313295,"Workload(z0=0.009789605302780877, z1=0.3966110333516359, q=0.3216983989752596, w=0.2719009623703236)","Workload(z0=0.01, z1=0.33, q=0.33, w=0.33)"
0.45,0.9218928210026244,0.9218927148262583,0.1,0.011851600707313295,"Workload(z0=0.009789605302780877, z1=0.3966110333516359, q=0.3216983989752596, w=0.2719009623703236)","Workload(z0=0.01, z1=0.33, q=0.33, w=0.33)"
0.45,0.9218928210026244,0.9218927089311475,0.2,0.011851600707313295,"Workload(z0=0.009789605302780877, z1=0.3966110333516359, q=0.3216983989752596, w=0.2719009623703236)","Workload(z0=0.01, z1=0.33, q=0.33, w=0.33)"
0.45,0.9218928210026244,0.9218927113509983,0.30000000000000004,0.011851600707313295,"Workload(z0=0.009789605302780877, z1=0.3966110333516359, q=0.3216983989752596, w=0.2719009623703236)","Workload(z0=0.01, z1=0.33, q=0.33, w=0.33)"
0.45,0.9218928210026244,0.9218927079314021,0.4,0.011851600707313295,"Workload(z0=0.009789605302780877, z1=0.3966110333516359, q=0.3216983989752596, w=0.2719009623703236)","Workload(z0=0.01, z1=0.33, q=0.33, w=0.33)"
0.45,0.9218928210026244,0.9218927075408663,0.5,0.011851600707313295,"Workload(z0=0.009789605302780877, z1=0.3966110333516359, q=0.3216983989752596, w=0.2719009623703236)","Workload(z0=0.01, z1=0.33, q=0.33, w=0.33)"
0.45,0.9218928210026244,0.9218927084890377,0.6000000000000001,0.011851600707313295,"Workload(z0=0.009789605302780877, z1=0.3966110333516359, q=0.3216983989752596, w=0.2719009623703236)","Workload(z0=0.01, z1=0.33, q=0.33, w=0.33)"
0.45,0.9218928210026244,0.9218927081246634,0.7000000000000001,0.011851600707313295,"Workload(z0=0.009789605302780877, z1=0.3966110333516359, q=0.3216983989752596, w=0.2719009623703236)","Workload(z0=0.01, z1=0.33, q=0.33, w=0.33)"
0.45,0.9218928210026244,0.92189270769017,0.8,0.011851600707313295,"Workload(z0=0.009789605302780877, z1=0.3966110333516359, q=0.3216983989752596, w=0.2719009623703236)","Workload(z0=0.01, z1=0.33, q=0.33, w=0.33)"
0.45,0.9218928210026244,0.9218927122632514,0.9,0.011851600707313295,"Workload(z0=0.009789605302780877, z1=0.3966110333516359, q=0.3216983989752596, w=0.2719009623703236)","Workload(z0=0.01, z1=0.33, q=0.33, w=0.33)"
0.45,0.9218928210026244,0.9218927076693136,1.0,0.011851600707313295,"Workload(z0=0.009789605302780877, z1=0.3966110333516359, q=0.3216983989752596, w=0.2719009623703236)","Workload(z0=0.01, z1=0.33, q=0.33, w=0.33)"
0.45,0.9218928210026244,0.9218927078787955,1.1,0.011851600707313295,"Workload(z0=0.009789605302780877, z1=0.3966110333516359, q=0.3216983989752596, w=0.2719009623703236)","Workload(z0=0.01, z1=0.33, q=0.33, w=0.33)"
0.45,0.9218928210026244,0.9218927108420606,1.2000000000000002,0.011851600707313295,"Workload(z0=0.009789605302780877, z1=0.3966110333516359, q=0.3216983989752596, w=0.2719009623703236)","Workload(z0=0.01, z1=0.33, q=0.33, w=0.33)"
0.45,0.9218928210026244,0.9218927077662505,1.3,0.011851600707313295,"Workload(z0=0.009789605302780877, z1=0.3966110333516359, q=0.3216983989752596, w=0.2719009623703236)","Workload(z0=0.01, z1=0.33, q=0.33, w=0.33)"
0.45,0.9218928210026244,0.9218927080033193,1.4000000000000001,0.011851600707313295,"Workload(z0=0.009789605302780877, z1=0.3966110333516359, q=0.3216983989752596, w=0.2719009623703236)","Workload(z0=0.01, z1=0.33, q=0.33, w=0.33)"
0.45,0.9218928210026244,0.9218927176677624,1.5,0.011851600707313295,"Workload(z0=0.009789605302780877, z1=0.3966110333516359, q=0.3216983989752596, w=0.2719009623703236)","Workload(z0=0.01, z1=0.33, q=0.33, w=0.33)"
0.45,0.9218928210026244,0.9218927075813722,1.6,0.011851600707313295,"Workload(z0=0.009789605302780877, z1=0.3966110333516359, q=0.3216983989752596, w=0.2719009623703236)","Workload(z0=0.01, z1=0.33, q=0.33, w=0.33)"
0.45,0.9218928210026244,0.921892709677415,1.7000000000000002,0.011851600707313295,"Workload(z0=0.009789605302780877, z1=0.3966110333516359, q=0.3216983989752596, w=0.2719009623703236)","Workload(z0=0.01, z1=0.33, q=0.33, w=0.33)"
0.45,0.9218928210026244,0.9218927079248861,1.8,0.011851600707313295,"Workload(z0=0.009789605302780877, z1=0.3966110333516359, q=0.3216983989752596, w=0.2719009623703236)","Workload(z0=0.01, z1=0.33, q=0.33, w=0.33)"
0.45,0.9218928210026244,0.9218927075406504,1.9000000000000001,0.011851600707313295,"Workload(z0=0.009789605302780877, z1=0.3966110333516359, q=0.3216983989752596, w=0.2719009623703236)","Workload(z0=0.01, z1=0.33, q=0.33, w=0.33)"
0.5,0.9218928210026244,0.9218927100462063,0.0,0.0009825718481378427,"Workload(z0=0.010443494178224417, z1=0.30940002185922827, q=0.3404077069610329, w=0.33974877700151446)","Workload(z0=0.01, z1=0.33, q=0.33, w=0.33)"
0.5,0.9218928210026244,0.92189270807176,0.1,0.0009825718481378427,"Workload(z0=0.010443494178224417, z1=0.30940002185922827, q=0.3404077069610329, w=0.33974877700151446)","Workload(z0=0.01, z1=0.33, q=0.33, w=0.33)"
0.5,0.9218928210026244,0.9218927079356054,0.2,0.0009825718481378427,"Workload(z0=0.010443494178224417, z1=0.30940002185922827, q=0.3404077069610329, w=0.33974877700151446)","Workload(z0=0.01, z1=0.33, q=0.33, w=0.33)"
0.5,0.9218928210026244,0.9218927079763182,0.30000000000000004,0.0009825718481378427,"Workload(z0=0.010443494178224417, z1=0.30940002185922827, q=0.3404077069610329, w=0.33974877700151446)","Workload(z0=0.01, z1=0.33, q=0.33, w=0.33)"
0.5,0.9218928210026244,0.9218927082519104,0.4,0.0009825718481378427,"Workload(z0=0.010443494178224417, z1=0.30940002185922827, q=0.3404077069610329, w=0.33974877700151446)","Workload(z0=0.01, z1=0.33, q=0.33, w=0.33)"
0.5,0.9218928210026244,0.9218927075403807,0.5,0.0009825718481378427,"Workload(z0=0.010443494178224417, z1=0.30940002185922827, q=0.3404077069610329, w=0.33974877700151446)","Workload(z0=0.01, z1=0.33, q=0.33, w=0.33)"
0.5,0.9218928210026245,0.9218927075836079,0.6000000000000001,0.0009825718481378427,"Workload(z0=0.010443494178224417, z1=0.30940002185922827, q=0.3404077069610329, w=0.33974877700151446)","Workload(z0=0.01, z1=0.33, q=0.33, w=0.33)"
0.5,0.9218928210026244,0.9218927075413238,0.7000000000000001,0.0009825718481378427,"Workload(z0=0.010443494178224417, z1=0.30940002185922827, q=0.3404077069610329, w=0.33974877700151446)","Workload(z0=0.01, z1=0.33, q=0.33, w=0.33)"
0.5,0.9218928210026244,0.9218927105378694,0.8,0.0009825718481378427,"Workload(z0=0.010443494178224417, z1=0.30940002185922827, q=0.3404077069610329, w=0.33974877700151446)","Workload(z0=0.01, z1=0.33, q=0.33, w=0.33)"
0.5,0.9218928210026244,0.9218927077530671,0.9,0.0009825718481378427,"Workload(z0=0.010443494178224417, z1=0.30940002185922827, q=0.3404077069610329, w=0.33974877700151446)","Workload(z0=0.01, z1=0.33, q=0.33, w=0.33)"
0.5,0.9218928210026244,0.9218927085293619,1.0,0.0009825718481378427,"Workload(z0=0.010443494178224417, z1=0.30940002185922827, q=0.3404077069610329, w=0.33974877700151446)","Workload(z0=0.01, z1=0.33, q=0.33, w=0.33)"
0.5,0.9218928210026244,0.9218927085233609,1.1,0.0009825718481378427,"Workload(z0=0.010443494178224417, z1=0.30940002185922827, q=0.3404077069610329, w=0.33974877700151446)","Workload(z0=0.01, z1=0.33, q=0.33, w=0.33)"
0.5,0.9218928210026244,0.9218927084608688,1.2000000000000002,0.0009825718481378427,"Workload(z0=0.010443494178224417, z1=0.30940002185922827, q=0.3404077069610329, w=0.33974877700151446)","Workload(z0=0.01, z1=0.33, q=0.33, w=0.33)"
0.5,0.9218928210026244,0.9218927108520443,1.3,0.0009825718481378427,"Workload(z0=0.010443494178224417, z1=0.30940002185922827, q=0.3404077069610329, w=0.33974877700151446)","Workload(z0=0.01, z1=0.33, q=0.33, w=0.33)"
0.5,0.9218928210026244,0.9218927199190845,1.4000000000000001,0.0009825718481378427,"Workload(z0=0.010443494178224417, z1=0.30940002185922827, q=0.3404077069610329, w=0.33974877700151446)","Workload(z0=0.01, z1=0.33, q=0.33, w=0.33)"
0.5,0.9218928210026244,0.9218927076887915,1.5,0.0009825718481378427,"Workload(z0=0.010443494178224417, z1=0.30940002185922827, q=0.3404077069610329, w=0.33974877700151446)","Workload(z0=0.01, z1=0.33, q=0.33, w=0.33)"
0.5,0.9218928210026244,0.921892708568836,1.6,0.0009825718481378427,"Workload(z0=0.010443494178224417, z1=0.30940002185922827, q=0.3404077069610329, w=0.33974877700151446)","Workload(z0=0.01, z1=0.33, q=0.33, w=0.33)"
0.5,0.9218928210026244,0.9218927202624159,1.7000000000000002,0.0009825718481378427,"Workload(z0=0.010443494178224417, z1=0.30940002185922827, q=0.3404077069610329, w=0.33974877700151446)","Workload(z0=0.01, z1=0.33, q=0.33, w=0.33)"
0.5,0.9218928210026245,0.9218927081254475,1.8,0.0009825718481378427,"Workload(z0=0.010443494178224417, z1=0.30940002185922827, q=0.3404077069610329, w=0.33974877700151446)","Workload(z0=0.01, z1=0.33, q=0.33, w=0.33)"
0.5,0.9218928210026244,0.9218927101550196,1.9000000000000001,0.0009825718481378427,"Workload(z0=0.010443494178224417, z1=0.30940002185922827, q=0.3404077069610329, w=0.33974877700151446)","Workload(z0=0.01, z1=0.33, q=0.33, w=0.33)"
0.55,0.9218928210026244,0.9218927079203068,0.0,0.00034672845970750875,"Workload(z0=0.010111567251735296, z1=0.31799481502920324, q=0.3383150997025981, w=0.3335785180164635)","Workload(z0=0.01, z1=0.33, q=0.33, w=0.33)"
0.55,0.9218928210026244,0.9218927086252707,0.1,0.00034672845970750875,"Workload(z0=0.010111567251735296, z1=0.31799481502920324, q=0.3383150997025981, w=0.3335785180164635)","Workload(z0=0.01, z1=0.33, q=0.33, w=0.33)"
0.55,0.9218928210026244,0.9218927075591591,0.2,0.00034672845970750875,"Workload(z0=0.010111567251735296, z1=0.31799481502920324, q=0.3383150997025981, w=0.3335785180164635)","Workload(z0=0.01, z1=0.33, q=0.33, w=0.33)"
0.55,0.9218928210026244,0.9218927098308028,0.30000000000000004,0.00034672845970750875,"Workload(z0=0.010111567251735296, z1=0.31799481502920324, q=0.3383150997025981, w=0.3335785180164635)","Workload(z0=0.01, z1=0.33, q=0.33, w=0.33)"
0.55,0.9218928210026244,0.9218927078921413,0.4,0.00034672845970750875,"Workload(z0=0.010111567251735296, z1=0.31799481502920324, q=0.3383150997025981, w=0.3335785180164635)","Workload(z0=0.01, z1=0.33, q=0.33, w=0.33)"
0.55,0.9218928210026244,0.921892713955931,0.5,0.00034672845970750875,"Workload(z0=0.010111567251735296, z1=0.31799481502920324, q=0.3383150997025981, w=0.3335785180164635)","Workload(z0=0.01, z1=0.33, q=0.33, w=0.33)"
0.55,0.9218928210026244,0.9218927092946139,0.6000000000000001,0.00034672845970750875,"Workload(z0=0.010111567251735296, z1=0.31799481502920324, q=0.3383150997025981, w=0.3335785180164635)","Workload(z0=0.01, z1=0.33, q=0.33, w=0.33)"
0.55,0.9218928210026244,0.921892707573675,0.7000000000000001,0.00034672845970750875,"Workload(z0=0.010111567251735296, z1=0.31799481502920324, q=0.3383150997025981, w=0.3335785180164635)","Workload(z0=0.01, z1=0.33, q=0.33, w=0.33)"
0.55,0.9218928210026244,0.9218927075406667,0.8,0.00034672845970750875,"Workload(z0=0.010111567251735296, z1=0.31799481502920324, q=0.3383150997025981, w=0.3335785180164635)","Workload(z0=0.01, z1=0.33, q=0.33, w=0.33)"
0.55,0.9218928210026244,0.9218927080492716,0.9,0.00034672845970750875,"Workload(z0=0.010111567251735296, z1=0.31799481502920324, q=0.3383150997025981, w=0.3335785180164635)","Workload(z0=0.01, z1=0.33, q=0.33, w=0.33)"
0.55,0.9218928210026244,0.921892709425204,1.0,0.00034672845970750875,"Workload(z0=0.010111567251735296, z1=0.31799481502920324, q=0.3383150997025981, w=0.3335785180164635)","Workload(z0=0.01, z1=0.33, q=0.33, w=0.33)"
0.55,0.9218928210026244,0.9218927075403236,1.1,0.00034672845970750875,"Workload(z0=0.010111567251735296, z1=0.31799481502920324, q=0.3383150997025981, w=0.3335785180164635)","Workload(z0=0.01, z1=0.33, q=0.33, w=0.33)"
0.55,0.9218928210026244,0.9218927091437019,1.2000000000000002,0.00034672845970750875,"Workload(z0=0.010111567251735296, z1=0.31799481502920324, q=0.3383150997025981, w=0.3335785180164635)","Workload(z0=0.01, z1=0.33, q=0.33, w=0.33)"
0.55,0.9218928210026244,0.9218927075642718,1.3,0.00034672845970750875,"Workload(z0=0.010111567251735296, z1=0.31799481502920324, q=0.3383150997025981, w=0.3335785180164635)","Workload(z0=0.01, z1=0.33, q=0.33, w=0.33)"
0.55,0.9218928210026244,0.9218927081099566,1.4000000000000001,0.00034672845970750875,"Workload(z0=0.010111567251735296, z1=0.31799481502920324, q=0.3383150997025981, w=0.3335785180164635)","Workload(z0=0.01, z1=0.33, q=0.33, w=0.33)"
0.55,0.9218928210026244,0.9218927075530079,1.5,0.00034672845970750875,"Workload(z0=0.010111567251735296, z1=0.31799481502920324, q=0.3383150997025981, w=0.3335785180164635)","Workload(z0=0.01, z1=0.33, q=0.33, w=0.33)"
0.55,0.9218928210026244,0.9218927075798955,1.6,0.00034672845970750875,"Workload(z0=0.010111567251735296, z1=0.31799481502920324, q=0.3383150997025981, w=0.3335785180164635)","Workload(z0=0.01, z1=0.33, q=0.33, w=0.33)"
0.55,0.9218928210026244,0.9218927119842663,1.7000000000000002,0.00034672845970750875,"Workload(z0=0.010111567251735296, z1=0.31799481502920324, q=0.3383150997025981, w=0.3335785180164635)","Workload(z0=0.01, z1=0.33, q=0.33, w=0.33)"
0.55,0.9218928210026244,0.9218927075403804,1.8,0.00034672845970750875,"Workload(z0=0.010111567251735296, z1=0.31799481502920324, q=0.3383150997025981, w=0.3335785180164635)","Workload(z0=0.01, z1=0.33, q=0.33, w=0.33)"
0.55,0.9218928210026244,0.9218927075884382,1.9000000000000001,0.00034672845970750875,"Workload(z0=0.010111567251735296, z1=0.31799481502920324, q=0.3383150997025981, w=0.3335785180164635)","Workload(z0=0.01, z1=0.33, q=0.33, w=0.33)"
0.6000000000000001,0.9253986478521207,0.9218927104580896,0.0,0.012550993147442987,"Workload(z0=0.03462242424692458, z1=0.31959883224313096, q=0.32008815768151805, w=0.3256905858284265)","Workload(z0=0.01, z1=0.33, q=0.33, w=0.33)"
0.6000000000000001,0.9222126581941203,0.9218927078421688,0.1,0.012550993147442987,"Workload(z0=0.03462242424692458, z1=0.31959883224313096, q=0.32008815768151805, w=0.3256905858284265)","Workload(z0=0.01, z1=0.33, q=0.33, w=0.33)"
0.6000000000000001,0.9218927080113406,0.9218927111092257,0.2,0.012550993147442987,"Workload(z0=0.03462242424692458, z1=0.31959883224313096, q=0.32008815768151805, w=0.3256905858284265)","Workload(z0=0.01, z1=0.33, q=0.33, w=0.33)"
0.6000000000000001,0.9218928210026244,0.9218927075553197,0.30000000000000004,0.012550993147442987,"Workload(z0=0.03462242424692458, z1=0.31959883224313096, q=0.32008815768151805, w=0.3256905858284265)","Workload(z0=0.01, z1=0.33, q=0.33, w=0.33)"
0.6000000000000001,0.9218928210026244,0.9218927085469655,0.4,0.012550993147442987,"Workload(z0=0.03462242424692458, z1=0.31959883224313096, q=0.32008815768151805, w=0.3256905858284265)","Workload(z0=0.01, z1=0.33, q=0.33, w=0.33)"
0.6000000000000001,0.9218928210026244,0.9218927122586333,0.5,0.012550993147442987,"Workload(z0=0.03462242424692458, z1=0.31959883224313096, q=0.32008815768151805, w=0.3256905858284265)","Workload(z0=0.01, z1=0.33, q=0.33, w=0.33)"
0.6000000000000001,0.9218928210026244,0.9218927088181089,0.6000000000000001,0.012550993147442987,"Workload(z0=0.03462242424692458, z1=0.31959883224313096, q=0.32008815768151805, w=0.3256905858284265)","Workload(z0=0.01, z1=0.33, q=0.33, w=0.33)"
0.6000000000000001,0.9218928210026244,0.9218927099883547,0.7000000000000001,0.012550993147442987,"Workload(z0=0.03462242424692458, z1=0.31959883224313096, q=0.32008815768151805, w=0.3256905858284265)","Workload(z0=0.01, z1=0.33, q=0.33, w=0.33)"
0.6000000000000001,0.9218928210026244,0.9218927080572169,0.8,0.012550993147442987,"Workload(z0=0.03462242424692458, z1=0.31959883224313096, q=0.32008815768151805, w=0.3256905858284265)","Workload(z0=0.01, z1=0.33, q=0.33, w=0.33)"
0.6000000000000001,0.9218928210026244,0.9218927075887787,0.9,0.012550993147442987,"Workload(z0=0.03462242424692458, z1=0.31959883224313096, q=0.32008815768151805, w=0.3256905858284265)","Workload(z0=0.01, z1=0.33, q=0.33, w=0.33)"
0.6000000000000001,0.9218928210026244,0.9218927084527514,1.0,0.012550993147442987,"Workload(z0=0.03462242424692458, z1=0.31959883224313096, q=0.32008815768151805, w=0.3256905858284265)","Workload(z0=0.01, z1=0.33, q=0.33, w=0.33)"
0.6000000000000001,0.9218928210026244,0.9218927084072163,1.1,0.012550993147442987,"Workload(z0=0.03462242424692458, z1=0.31959883224313096, q=0.32008815768151805, w=0.3256905858284265)","Workload(z0=0.01, z1=0.33, q=0.33, w=0.33)"
0.6000000000000001,0.9218928210026244,0.9218927090642816,1.2000000000000002,0.012550993147442987,"Workload(z0=0.03462242424692458, z1=0.31959883224313096, q=0.32008815768151805, w=0.3256905858284265)","Workload(z0=0.01, z1=0.33, q=0.33, w=0.33)"
0.6000000000000001,0.9218928210026244,0.9218927086637525,1.3,0.012550993147442987,"Workload(z0=0.03462242424692458, z1=0.31959883224313096, q=0.32008815768151805, w=0.3256905858284265)","Workload(z0=0.01, z1=0.33, q=0.33, w=0.33)"
0.6000000000000001,0.9218928210026244,0.9218927075997352,1.4000000000000001,0.012550993147442987,"Workload(z0=0.03462242424692458, z1=0.31959883224313096, q=0.32008815768151805, w=0.3256905858284265)","Workload(z0=0.01, z1=0.33, q=0.33, w=0.33)"
0.6000000000000001,0.9218928210026244,0.9218927089782907,1.5,0.012550993147442987,"Workload(z0=0.03462242424692458, z1=0.31959883224313096, q=0.32008815768151805, w=0.3256905858284265)","Workload(z0=0.01, z1=0.33, q=0.33, w=0.33)"
0.6000000000000001,0.9218928210026244,0.921892707909456,1.6,0.012550993147442987,"Workload(z0=0.03462242424692458, z1=0.31959883224313096, q=0.32008815768151805, w=0.3256905858284265)","Workload(z0=0.01, z1=0.33, q=0.33, w=0.33)"
0.6000000000000001,0.9218928210026245,0.9218927075492475,1.7000000000000002,0.012550993147442987,"Workload(z0=0.03462242424692458, z1=0.31959883224313096, q=0.32008815768151805, w=0.3256905858284265)","Workload(z0=0.01, z1=0.33, q=0.33, w=0.33)"
0.6000000000000001,0.9218928210026244,0.9218927085936548,1.8,0.012550993147442987,"Workload(z0=0.03462242424692458, z1=0.31959883224313096, q=0.32008815768151805, w=0.3256905858284265)","Workload(z0=0.01, z1=0.33, q=0.33, w=0.33)"
0.6000000000000001,0.9218928210026244,0.9218927270872255,1.9000000000000001,0.012550993147442987,"Workload(z0=0.03462242424692458, z1=0.31959883224313096, q=0.32008815768151805, w=0.3256905858284265)","Workload(z0=0.01, z1=0.33, q=0.33, w=0.33)"
0.6500000000000001,0.9218928210026244,0.9218927076374859,0.0,0.0030336354686935282,"Workload(z0=0.01103491509342035, z1=0.31922975195621617, q=0.3652776771357815, w=0.30445765581458184)","Workload(z0=0.01, z1=0.33, q=0.33, w=0.33)"
0.6500000000000001,0.9218928210026244,0.9218927079289352,0.1,0.0030336354686935282,"Workload(z0=0.01103491509342035, z1=0.31922975195621617, q=0.3652776771357815, w=0.30445765581458184)","Workload(z0=0.01, z1=0.33, q=0.33, w=0.33)"
0.6500000000000001,0.9218928210026244,0.9218927113957903,0.2,0.0030336354686935282,"Workload(z0=0.01103491509342035, z1=0.31922975195621617, q=0.3652776771357815, w=0.30445765581458184)","Workload(z0=0.01, z1=0.33, q=0.33, w=0.33)"
0.6500000000000001,0.9218928210026244,0.9218927076407193,0.30000000000000004,0.0030336354686935282,"Workload(z0=0.01103491509342035, z1=0.31922975195621617, q=0.3652776771357815, w=0.30445765581458184)","Workload(z0=0.01, z1=0.33, q=0.33, w=0.33)"
0.6500000000000001,0.9218928210026244,0.9218927081198534,0.4,0.0030336354686935282,"Workload(z0=0.01103491509342035, z1=0.31922975195621617, q=0.3652776771357815, w=0.30445765581458184)","Workload(z0=0.01, z1=0.33, q=0.33, w=0.33)"
0.6500000000000001,0.9218928210026244,0.9218927075463246,0.5,0.0030336354686935282,"Workload(z0=0.01103491509342035, z1=0.31922975195621617, q=0.3652776771357815, w=0.30445765581458184)","Workload(z0=0.01, z1=0.33, q=0.33, w=0.33)"
0.6500000000000001,0.9218928210026244,0.9218927075911973,0.6000000000000001,0.0030336354686935282,"Workload(z0=0.01103491509342035, z1=0.31922975195621617, q=0.3652776771357815, w=0.30445765581458184)","Workload(z0=0.01, z1=0.33, q=0.33, w=0.33)"
0.6500000000000001,0.9218928210026244,0.9218927075618624,0.7000000000000001,0.0030336354686935282,"Workload(z0=0.01103491509342035, z1=0.31922975195621617, q=0.3652776771357815, w=0.30445765581458184)","Workload(z0=0.01, z1=0.33, q=0.33, w=0.33)"
0.6500000000000001,0.9218928210026244,0.9218927095480431,0.8,0.0030336354686935282,"Workload(z0=0.01103491509342035, z1=0.31922975195621617, q=0.3652776771357815, w=0.30445765581458184)","Workload(z0=0.01, z1=0.33, q=0.33, w=0.33)"
0.6500000000000001,0.9218928210026244,0.9218927076165182,0.9,0.0030336354686935282,"Workload(z0=0.01103491509342035, z1=0.31922975195621617, q=0.3652776771357815, w=0.30445765581458184)","Workload(z0=0.01, z1=0.33, q=0.33, w=0.33)"
0.6500000000000001,0.9218928210026244,0.9218927169923603,1.0,0.0030336354686935282,"Workload(z0=0.01103491509342035, z1=0.31922975195621617, q=0.3652776771357815, w=0.30445765581458184)","Workload(z0=0.01, z1=0.33, q=0.33, w=0.33)"
0.6500000000000001,0.9218928210026244,0.9218927100688676,1.1,0.0030336354686935282,"Workload(z0=0.01103491509342035, z1=0.31922975195621617, q=0.3652776771357815, w=0.30445765581458184)","Workload(z0=0.01, z1=0.33, q=0.33, w=0.33)"
0.6500000000000001,0.9218928210026244,0.9218927087462716,1.2000000000000002,0.0030336354686935282,"Workload(z0=0.01103491509342035, z1=0.31922975195621617, q=0.3652776771357815, w=0.30445765581458184)","Workload(z0=0.01, z1=0.33, q=0.33, w=0.33)"
0.6500000000000001,0.9218928210026244,0.9218927094180326,1.3,0.0030336354686935282,"Workload(z0=0.01103491509342035, z1=0.31922975195621617, q=0.3652776771357815, w=0.30445765581458184)","Workload(z0=0.01, z1=0.33, q=0.33, w=0.33)"
0.6500000000000001,0.9218928210026244,0.9218927077061784,1.4000000000000001,0.0030336354686935282,"Workload(z0=0.01103491509342035, z1=0.31922975195621617, q=0.3652776771357815, w=0.30445765581458184)","Workload(z0=0.01, z1=0.33, q=0.33, w=0.33)"
0.6500000000000001,0.9218928210026244,0.9218927075529875,1.5,0.0030336354686935282,"Workload(z0=0.01103491509342035, z1=0.31922975195621617, q=0.3652776771357815, w=0.30445765581458184)","Workload(z0=0.01, z1=0.33, q=0.33, w=0.33)"
0.6500000000000001,0.9218928210026271,0.9218927076022632,1.6,0.0030336354686935282,"Workload(z0=0.01103491509342035, z1=0.31922975195621617, q=0.3652776771357815, w=0.30445765581458184)","Workload(z0=0.01, z1=0.33, q=0.33, w=0.33)"
0.6500000000000001,0.9218928210026244,0.9218927078847379,1.7000000000000002,0.0030336354686935282,"Workload(z0=0.01103491509342035, z1=0.31922975195621617, q=0.3652776771357815, w=0.30445765581458184)","Workload(z0=0.01, z1=0.33, q=0.33, w=0.33)"
0.6500000000000001,0.9218928210026244,0.9218927076607498,1.8,0.0030336354686935282,"Workload(z0=0.01103491509342035, z1=0.31922975195621617, q=0.3652776771357815, w=0.30445765581458184)","Workload(z0=0.01, z1=0.33, q=0.33, w=0.33)"
0.6500000000000001,0.9218928210026245,0.9218927091621748,1.9000000000000001,0.0030336354686935282,"Workload(z0=0.01103491509342035, z1=0.31922975195621617, q=0.3652776771357815, w=0.30445765581458184)","Workload(z0=0.01, z1=0.33, q=0.33, w=0.33)"
0.7000000000000001,0.9219042898933474,0.9218927167316087,0.0,0.0009460166025445776,"Workload(z0=0.009943662827680926, z1=0.3340867400050665, q=0.3107884150992658, w=0.3451811820679867)","Workload(z0=0.01, z1=0.33, q=0.33, w=0.33)"
0.7000000000000001,0.9218928210026244,0.9218927084013444,0.1,0.0009460166025445776,"Workload(z0=0.009943662827680926, z1=0.3340867400050665, q=0.3107884150992658, w=0.3451811820679867)","Workload(z0=0.01, z1=0.33, q=0.33, w=0.33)"
0.7000000000000001,0.9218928210026244,0.9218927075920893,0.2,0.0009460166025445776,"Workload(z0=0.009943662827680926, z1=0.3340867400050665, q=0.3107884150992658, w=0.3451811820679867)","Workload(z0=0.01, z1=0.33, q=0.33, w=0.33)"
0.7000000000000001,0.9218928210026244,0.9218927090140603,0.30000000000000004,0.0009460166025445776,"Workload(z0=0.009943662827680926, z1=0.3340867400050665, q=0.3107884150992658, w=0.3451811820679867)","Workload(z0=0.01, z1=0.33, q=0.33, w=0.33)"
0.7000000000000001,0.9218928210026244,0.9218927095215059,0.4,0.0009460166025445776,"Workload(z0=0.009943662827680926, z1=0.3340867400050665, q=0.3107884150992658, w=0.3451811820679867)","Workload(z0=0.01, z1=0.33, q=0.33, w=0.33)"
0.7000000000000001,0.9218928210026244,0.9218927083174956,0.5,0.0009460166025445776,"Workload(z0=0.009943662827680926, z1=0.3340867400050665, q=0.3107884150992658, w=0.3451811820679867)","Workload(z0=0.01, z1=0.33, q=0.33, w=0.33)"
0.7000000000000001,0.9218928210026244,0.9218927084436523,0.6000000000000001,0.0009460166025445776,"Workload(z0=0.009943662827680926, z1=0.3340867400050665, q=0.3107884150992658, w=0.3451811820679867)","Workload(z0=0.01, z1=0.33, q=0.33, w=0.33)"
0.7000000000000001,0.9218928210026244,0.921892707541382,0.7000000000000001,0.0009460166025445776,"Workload(z0=0.009943662827680926, z1=0.3340867400050665, q=0.3107884150992658, w=0.3451811820679867)","Workload(z0=0.01, z1=0.33, q=0.33, w=0.33)"
0.7000000000000001,0.9218928210026244,0.9218927080314289,0.8,0.0009460166025445776,"Workload(z0=0.009943662827680926, z1=0.3340867400050665, q=0.3107884150992658, w=0.3451811820679867)","Workload(z0=0.01, z1=0.33, q=0.33, w=0.33)"
0.7000000000000001,0.9218928210026244,0.9218927075588007,0.9,0.0009460166025445776,"Workload(z0=0.009943662827680926, z1=0.3340867400050665, q=0.3107884150992658, w=0.3451811820679867)","Workload(z0=0.01, z1=0.33, q=0.33, w=0.33)"
0.7000000000000001,0.9218928210026244,0.9218927077324627,1.0,0.0009460166025445776,"Workload(z0=0.009943662827680926, z1=0.3340867400050665, q=0.3107884150992658, w=0.3451811820679867)","Workload(z0=0.01, z1=0.33, q=0.33, w=0.33)"
0.7000000000000001,0.9218928210026244,0.9218927082129793,1.1,0.0009460166025445776,"Workload(z0=0.009943662827680926, z1=0.3340867400050665, q=0.3107884150992658, w=0.3451811820679867)","Workload(z0=0.01, z1=0.33, q=0.33, w=0.33)"
0.7000000000000001,0.9218928210026244,0.9218927079954806,1.2000000000000002,0.0009460166025445776,"Workload(z0=0.009943662827680926, z1=0.3340867400050665, q=0.3107884150992658, w=0.3451811820679867)","Workload(z0=0.01, z1=0.33, q=0.33, w=0.33)"
0.7000000000000001,0.9218928210026244,0.9218927090512753,1.3,0.0009460166025445776,"Workload(z0=0.009943662827680926, z1=0.3340867400050665, q=0.3107884150992658, w=0.3451811820679867)","Workload(z0=0.01, z1=0.33, q=0.33, w=0.33)"
0.7000000000000001,0.9218928210026244,0.921892712357609,1.4000000000000001,0.0009460166025445776,"Workload(z0=0.009943662827680926, z1=0.3340867400050665, q=0.3107884150992658, w=0.3451811820679867)","Workload(z0=0.01, z1=0.33, q=0.33, w=0.33)"
0.7000000000000001,0.9218928210026244,0.9218927081470522,1.5,0.0009460166025445776,"Workload(z0=0.009943662827680926, z1=0.3340867400050665, q=0.3107884150992658, w=0.3451811820679867)","Workload(z0=0.01, z1=0.33, q=0.33, w=0.33)"
0.7000000000000001,0.9218928210026244,0.9218927075446735,1.6,0.0009460166025445776,"Workload(z0=0.009943662827680926, z1=0.3340867400050665, q=0.3107884150992658, w=0.3451811820679867)","Workload(z0=0.01, z1=0.33, q=0.33, w=0.33)"
0.7000000000000001,0.9218928210026244,0.9218927075806377,1.7000000000000002,0.0009460166025445776,"Workload(z0=0.009943662827680926, z1=0.3340867400050665, q=0.3107884150992658, w=0.3451811820679867)","Workload(z0=0.01, z1=0.33, q=0.33, w=0.33)"
0.7000000000000001,0.9218928210026244,0.9218927075432838,1.8,0.0009460166025445776,"Workload(z0=0.009943662827680926, z1=0.3340867400050665, q=0.3107884150992658, w=0.3451811820679867)","Workload(z0=0.01, z1=0.33, q=0.33, w=0.33)"
0.7000000000000001,0.9218928210026244,0.9218927090780382,1.9000000000000001,0.0009460166025445776,"Workload(z0=0.009943662827680926, z1=0.3340867400050665, q=0.3107884150992658, w=0.3451811820679867)","Workload(z0=0.01, z1=0.33, q=0.33, w=0.33)"
0.7500000000000001,0.9218928210026244,0.9218927078845387,0.0,0.0010874653653102015,"Workload(z0=0.009633591900636389, z1=0.32184886598063317, q=0.31658637265798684, w=0.35193116946074365)","Workload(z0=0.01, z1=0.33, q=0.33, w=0.33)"
0.7500000000000001,0.9218928210026244,0.9218927075450905,0.1,0.0010874653653102015,"Workload(z0=0.009633591900636389, z1=0.32184886598063317, q=0.31658637265798684, w=0.35193116946074365)","Workload(z0=0.01, z1=0.33, q=0.33, w=0.33)"
0.7500000000000001,0.9218928210026244,0.9218927075403033,0.2,0.0010874653653102015,"Workload(z0=0.009633591900636389, z1=0.32184886598063317, q=0.31658637265798684, w=0.35193116946074365)","Workload(z0=0.01, z1=0.33, q=0.33, w=0.33)"
0.7500000000000001,0.9218928210026244,0.9218927075827514,0.30000000000000004,0.0010874653653102015,"Workload(z0=0.009633591900636389, z1=0.32184886598063317, q=0.31658637265798684, w=0.35193116946074365)","Workload(z0=0.01, z1=0.33, q=0.33, w=0.33)"
0.7500000000000001,0.9218928210026244,0.9218927079022214,0.4,0.0010874653653102015,"Workload(z0=0.009633591900636389, z1=0.32184886598063317, q=0.31658637265798684, w=0.35193116946074365)","Workload(z0=0.01, z1=0.33, q=0.33, w=0.33)"
0.7500000000000001,0.9218928210026244,0.9218927076090107,0.5,0.0010874653653102015,"Workload(z0=0.009633591900636389, z1=0.32184886598063317, q=0.31658637265798684, w=0.35193116946074365)","Workload(z0=0.01, z1=0.33, q=0.33, w=0.33)"
0.7500000000000001,0.9218928210026244,0.921892708849498,0.6000000000000001,0.0010874653653102015,"Workload(z0=0.009633591900636389, z1=0.32184886598063317, q=0.31658637265798684, w=0.35193116946074365)","Workload(z0=0.01, z1=0.33, q=0.33, w=0.33)"
0.7500000000000001,0.9218928210026244,0.9218927102378169,0.7000000000000001,0.0010874653653102015,"Workload(z0=0.009633591900636389, z1=0.32184886598063317, q=0.31658637265798684, w=0.35193116946074365)","Workload(z0=0.01, z1=0.33, q=0.33, w=0.33)"
0.7500000000000001,0.9218928210026244,0.921892707545135,0.8,0.0010874653653102015,"Workload(z0=0.009633591900636389, z1=0.32184886598063317, q=0.31658637265798684, w=0.35193116946074365)","Workload(z0=0.01, z1=0.33, q=0.33, w=0.33)"
0.7500000000000001,0.9218928210026244,0.9218927076769622,0.9,0.0010874653653102015,"Workload(z0=0.009633591900636389, z1=0.32184886598063317, q=0.31658637265798684, w=0.35193116946074365)","Workload(z0=0.01, z1=0.33, q=0.33, w=0.33)"
0.7500000000000001,0.9218928210026244,0.9218927084479712,1.0,0.0010874653653102015,"Workload(z0=0.009633591900636389, z1=0.32184886598063317, q=0.31658637265798684, w=0.35193116946074365)","Workload(z0=0.01, z1=0.33, q=0.33, w=0.33)"
0.7500000000000001,0.9218928210026244,0.9218927079850162,1.1,0.0010874653653102015,"Workload(z0=0.009633591900636389, z1=0.32184886598063317, q=0.31658637265798684, w=0.35193116946074365)","Workload(z0=0.01, z1=0.33, q=0.33, w=0.33)"
0.7500000000000001,0.9218928210026244,0.9218927078885597,1.2000000000000002,0.0010874653653102015,"Workload(z0=0.009633591900636389, z1=0.32184886598063317, q=0.31658637265798684, w=0.35193116946074365)","Workload(z0=0.01, z1=0.33, q=0.33, w=0.33)"
0.7500000000000001,0.9218928210026244,0.9218927082811013,1.3,0.0010874653653102015,"Workload(z0=0.009633591900636389, z1=0.32184886598063317, q=0.31658637265798684, w=0.35193116946074365)","Workload(z0=0.01, z1=0.33, q=0.33, w=0.33)"
0.7500000000000001,0.9218928210026244,0.9218927095751297,1.4000000000000001,0.0010874653653102015,"Workload(z0=0.009633591900636389, z1=0.32184886598063317, q=0.31658637265798684, w=0.35193116946074365)","Workload(z0=0.01, z1=0.33, q=0.33, w=0.33)"
0.7500000000000001,0.9218928210026244,0.921892710624817,1.5,0.0010874653653102015,"Workload(z0=0.009633591900636389, z1=0.32184886598063317, q=0.31658637265798684, w=0.35193116946074365)","Workload(z0=0.01, z1=0.33, q=0.33, w=0.33)"
0.7500000000000001,0.9218928210026244,0.9218927093433817,1.6,0.0010874653653102015,"Workload(z0=0.009633591900636389, z1=0.32184886598063317, q=0.31658637265798684, w=0.35193116946074365)","Workload(z0=0.01, z1=0.33, q=0.33, w=0.33)"
0.7500000000000001,0.9218928210026244,0.9218927161893951,1.7000000000000002,0.0010874653653102015,"Workload(z0=0.009633591900636389, z1=0.32184886598063317, q=0.31658637265798684, w=0.35193116946074365)","Workload(z0=0.01, z1=0.33, q=0.33, w=0.33)"
0.7500000000000001,0.9218928210026244,0.9218927076881319,1.8,0.0010874653653102015,"Workload(z0=0.009633591900636389, z1=0.32184886598063317, q=0.31658637265798684, w=0.35193116946074365)","Workload(z0=0.01, z1=0.33, q=0.33, w=0.33)"
0.7500000000000001,0.9218928210026244,0.9218927088064508,1.9000000000000001,0.0010874653653102015,"Workload(z0=0.009633591900636389, z1=0.32184886598063317, q=0.31658637265798684, w=0.35193116946074365)","Workload(z0=0.01, z1=0.33, q=0.33, w=0.33)"
0.8,0.9218928210026244,0.9218927077790187,0.0,0.00010462289173834502,"Workload(z0=0.009675958535662202, z1=0.33136874519324255, q=0.33508505473548483, w=0.3238702415356103)","Workload(z0=0.01, z1=0.33, q=0.33, w=0.33)"
0.8,0.9218928210026244,0.9218927098734897,0.1,0.00010462289173834502,"Workload(z0=0.009675958535662202, z1=0.33136874519324255, q=0.33508505473548483, w=0.3238702415356103)","Workload(z0=0.01, z1=0.33, q=0.33, w=0.33)"
0.8,0.9218928210026244,0.9218927075847083,0.2,0.00010462289173834502,"Workload(z0=0.009675958535662202, z1=0.33136874519324255, q=0.33508505473548483, w=0.3238702415356103)","Workload(z0=0.01, z1=0.33, q=0.33, w=0.33)"
0.8,0.9218928210026244,0.9218927075403921,0.30000000000000004,0.00010462289173834502,"Workload(z0=0.009675958535662202, z1=0.33136874519324255, q=0.33508505473548483, w=0.3238702415356103)","Workload(z0=0.01, z1=0.33, q=0.33, w=0.33)"
0.8,0.9218928210026244,0.9218927080810193,0.4,0.00010462289173834502,"Workload(z0=0.009675958535662202, z1=0.33136874519324255, q=0.33508505473548483, w=0.3238702415356103)","Workload(z0=0.01, z1=0.33, q=0.33, w=0.33)"
0.8,0.9218928210026244,0.9218927084953032,0.5,0.00010462289173834502,"Workload(z0=0.009675958535662202, z1=0.33136874519324255, q=0.33508505473548483, w=0.3238702415356103)","Workload(z0=0.01, z1=0.33, q=0.33, w=0.33)"
0.8,0.9218928210026244,0.921892708178863,0.6000000000000001,0.00010462289173834502,"Workload(z0=0.009675958535662202, z1=0.33136874519324255, q=0.33508505473548483, w=0.3238702415356103)","Workload(z0=0.01, z1=0.33, q=0.33, w=0.33)"
0.8,0.9218928210026244,0.9218927139601498,0.7000000000000001,0.00010462289173834502,"Workload(z0=0.009675958535662202, z1=0.33136874519324255, q=0.33508505473548483, w=0.3238702415356103)","Workload(z0=0.01, z1=0.33, q=0.33, w=0.33)"
0.8,0.9218928210026244,0.9218927076429992,0.8,0.00010462289173834502,"Workload(z0=0.009675958535662202, z1=0.33136874519324255, q=0.33508505473548483, w=0.3238702415356103)","Workload(z0=0.01, z1=0.33, q=0.33, w=0.33)"
0.8,0.9218928210026244,0.9218927097395343,0.9,0.00010462289173834502,"Workload(z0=0.009675958535662202, z1=0.33136874519324255, q=0.33508505473548483, w=0.3238702415356103)","Workload(z0=0.01, z1=0.33, q=0.33, w=0.33)"
0.8,0.9218928210026244,0.9218927080461514,1.0,0.00010462289173834502,"Workload(z0=0.009675958535662202, z1=0.33136874519324255, q=0.33508505473548483, w=0.3238702415356103)","Workload(z0=0.01, z1=0.33, q=0.33, w=0.33)"
0.8,0.9218928210026245,0.9218927076274069,1.1,0.00010462289173834502,"Workload(z0=0.009675958535662202, z1=0.33136874519324255, q=0.33508505473548483, w=0.3238702415356103)","Workload(z0=0.01, z1=0.33, q=0.33, w=0.33)"
0.8,0.9218928210026244,0.9218927087177233,1.2000000000000002,0.00010462289173834502,"Workload(z0=0.009675958535662202, z1=0.33136874519324255, q=0.33508505473548483, w=0.3238702415356103)","Workload(z0=0.01, z1=0.33, q=0.33, w=0.33)"
0.8,0.9218928210026244,0.921892707586519,1.3,0.00010462289173834502,"Workload(z0=0.009675958535662202, z1=0.33136874519324255, q=0.33508505473548483, w=0.3238702415356103)","Workload(z0=0.01, z1=0.33, q=0.33, w=0.33)"
0.8,0.9218928210026244,0.9218927116071608,1.4000000000000001,0.00010462289173834502,"Workload(z0=0.009675958535662202, z1=0.33136874519324255, q=0.33508505473548483, w=0.3238702415356103)","Workload(z0=0.01, z1=0.33, q=0.33, w=0.33)"
0.8,0.9218928210026244,0.9218927141129873,1.5,0.00010462289173834502,"Workload(z0=0.009675958535662202, z1=0.33136874519324255, q=0.33508505473548483, w=0.3238702415356103)","Workload(z0=0.01, z1=0.33, q=0.33, w=0.33)"
0.8,0.9218928210026244,0.9218927080316249,1.6,0.00010462289173834502,"Workload(z0=0.009675958535662202, z1=0.33136874519324255, q=0.33508505473548483, w=0.3238702415356103)","Workload(z0=0.01, z1=0.33, q=0.33, w=0.33)"
0.8,0.9218928210026244,0.9218927080859558,1.7000000000000002,0.00010462289173834502,"Workload(z0=0.009675958535662202, z1=0.33136874519324255, q=0.33508505473548483, w=0.3238702415356103)","Workload(z0=0.01, z1=0.33, q=0.33, w=0.33)"
0.8,0.9218928210026245,0.9218927076146033,1.8,0.00010462289173834502,"Workload(z0=0.009675958535662202, z1=0.33136874519324255, q=0.33508505473548483, w=0.3238702415356103)","Workload(z0=0.01, z1=0.33, q=0.33, w=0.33)"
0.8,0.9218928210026244,0.9218927075655575,1.9000000000000001,0.00010462289173834502,"Workload(z0=0.009675958535662202, z1=0.33136874519324255, q=0.33508505473548483, w=0.3238702415356103)","Workload(z0=0.01, z1=0.33, q=0.33, w=0.33)"
0.8500000000000001,0.9218935332952226,0.9218927084246797,0.0,0.0004080537083360966,"Workload(z0=0.010133469757568184, z1=0.3248051361702695, q=0.32175769142955757, w=0.34330370264260474)","Workload(z0=0.01, z1=0.33, q=0.33, w=0.33)"
0.8500000000000001,0.9218928210026244,0.9218927075407892,0.1,0.0004080537083360966,"Workload(z0=0.010133469757568184, z1=0.3248051361702695, q=0.32175769142955757, w=0.34330370264260474)","Workload(z0=0.01, z1=0.33, q=0.33, w=0.33)"
0.8500000000000001,0.9218928210026244,0.9218927121448482,0.2,0.0004080537083360966,"Workload(z0=0.010133469757568184, z1=0.3248051361702695, q=0.32175769142955757, w=0.34330370264260474)","Workload(z0=0.01, z1=0.33, q=0.33, w=0.33)"
0.8500000000000001,0.9218928210026244,0.9218927082794418,0.30000000000000004,0.0004080537083360966,"Workload(z0=0.010133469757568184, z1=0.3248051361702695, q=0.32175769142955757, w=0.34330370264260474)","Workload(z0=0.01, z1=0.33, q=0.33, w=0.33)"
0.8500000000000001,0.9218928210026244,0.9218927075592037,0.4,0.0004080537083360966,"Workload(z0=0.010133469757568184, z1=0.3248051361702695, q=0.32175769142955757, w=0.34330370264260474)","Workload(z0=0.01, z1=0.33, q=0.33, w=0.33)"
0.8500000000000001,0.9218928210026244,0.9218927101614012,0.5,0.0004080537083360966,"Workload(z0=0.010133469757568184, z1=0.3248051361702695, q=0.32175769142955757, w=0.34330370264260474)","Workload(z0=0.01, z1=0.33, q=0.33, w=0.33)"
0.8500000000000001,0.9218928210026244,0.9218927075431131,0.6000000000000001,0.0004080537083360966,"Workload(z0=0.010133469757568184, z1=0.3248051361702695, q=0.32175769142955757, w=0.34330370264260474)","Workload(z0=0.01, z1=0.33, q=0.33, w=0.33)"
0.8500000000000001,0.9218928210026243,0.9218927075454967,0.7000000000000001,0.0004080537083360966,"Workload(z0=0.010133469757568184, z1=0.3248051361702695, q=0.32175769142955757, w=0.34330370264260474)","Workload(z0=0.01, z1=0.33, q=0.33, w=0.33)"
0.8500000000000001,0.9218928210026244,0.9218927076141518,0.8,0.0004080537083360966,"Workload(z0=0.010133469757568184, z1=0.3248051361702695, q=0.32175769142955757, w=0.34330370264260474)","Workload(z0=0.01, z1=0.33, q=0.33, w=0.33)"
0.8500000000000001,0.9218928210026244,0.9218927077432264,0.9,0.0004080537083360966,"Workload(z0=0.010133469757568184, z1=0.3248051361702695, q=0.32175769142955757, w=0.34330370264260474)","Workload(z0=0.01, z1=0.33, q=0.33, w=0.33)"
0.8500000000000001,0.9218928210026244,0.9218927097271499,1.0,0.0004080537083360966,"Workload(z0=0.010133469757568184, z1=0.3248051361702695, q=0.32175769142955757, w=0.34330370264260474)","Workload(z0=0.01, z1=0.33, q=0.33, w=0.33)"
0.8500000000000001,0.9218928210026244,0.9218927089503527,1.1,0.0004080537083360966,"Workload(z0=0.010133469757568184, z1=0.3248051361702695, q=0.32175769142955757, w=0.34330370264260474)","Workload(z0=0.01, z1=0.33, q=0.33, w=0.33)"
0.8500000000000001,0.9218928210026244,0.9218927079040806,1.2000000000000002,0.0004080537083360966,"Workload(z0=0.010133469757568184, z1=0.3248051361702695, q=0.32175769142955757, w=0.34330370264260474)","Workload(z0=0.01, z1=0.33, q=0.33, w=0.33)"
0.8500000000000001,0.9218928210026244,0.9218927100687756,1.3,0.0004080537083360966,"Workload(z0=0.010133469757568184, z1=0.3248051361702695, q=0.32175769142955757, w=0.34330370264260474)","Workload(z0=0.01, z1=0.33, q=0.33, w=0.33)"
0.8500000000000001,0.9218928210026244,0.9218927080028811,1.4000000000000001,0.0004080537083360966,"Workload(z0=0.010133469757568184, z1=0.3248051361702695, q=0.32175769142955757, w=0.34330370264260474)","Workload(z0=0.01, z1=0.33, q=0.33, w=0.33)"
0.8500000000000001,0.9218928210026244,0.9218927130395536,1.5,0.0004080537083360966,"Workload(z0=0.010133469757568184, z1=0.3248051361702695, q=0.32175769142955757, w=0.34330370264260474)","Workload(z0=0.01, z1=0.33, q=0.33, w=0.33)"
0.8500000000000001,0.9218928210026245,0.9218927080147202,1.6,0.0004080537083360966,"Workload(z0=0.010133469757568184, z1=0.3248051361702695, q=0.32175769142955757, w=0.34330370264260474)","Workload(z0=0.01, z1=0.33, q=0.33, w=0.33)"
0.8500000000000001,0.9218928210026244,0.9218927076289194,1.7000000000000002,0.0004080537083360966,"Workload(z0=0.010133469757568184, z1=0.3248051361702695, q=0.32175769142955757, w=0.34330370264260474)","Workload(z0=0.01, z1=0.33, q=0.33, w=0.33)"
0.8500000000000001,0.9218928210026244,0.9218927075411075,1.8,0.0004080537083360966,"Workload(z0=0.010133469757568184, z1=0.3248051361702695, q=0.32175769142955757, w=0.34330370264260474)","Workload(z0=0.01, z1=0.33, q=0.33, w=0.33)"
0.8500000000000001,0.9218928210026245,0.9218927084939772,1.9000000000000001,0.0004080537083360966,"Workload(z0=0.010133469757568184, z1=0.3248051361702695, q=0.32175769142955757, w=0.34330370264260474)","Workload(z0=0.01, z1=0.33, q=0.33, w=0.33)"
0.9000000000000001,0.9218928210026244,0.9218927084861381,0.0,0.00020522015259885357,"Workload(z0=0.009729338218800126, z1=0.32441628840979575, q=0.33948083321371003, w=0.32637354015769404)","Workload(z0=0.01, z1=0.33, q=0.33, w=0.33)"
0.9000000000000001,0.9218928210026244,0.9218927079791912,0.1,0.00020522015259885357,"Workload(z0=0.009729338218800126, z1=0.32441628840979575, q=0.33948083321371003, w=0.32637354015769404)","Workload(z0=0.01, z1=0.33, q=0.33, w=0.33)"
0.9000000000000001,0.9218928210026244,0.9218927077131054,0.2,0.00020522015259885357,"Workload(z0=0.009729338218800126, z1=0.32441628840979575, q=0.33948083321371003, w=0.32637354015769404)","Workload(z0=0.01, z1=0.33, q=0.33, w=0.33)"
0.9000000000000001,0.9218928210026244,0.9218927075406363,0.30000000000000004,0.00020522015259885357,"Workload(z0=0.009729338218800126, z1=0.32441628840979575, q=0.33948083321371003, w=0.32637354015769404)","Workload(z0=0.01, z1=0.33, q=0.33, w=0.33)"
0.9000000000000001,0.9218928210026244,0.9218927085949222,0.4,0.00020522015259885357,"Workload(z0=0.009729338218800126, z1=0.32441628840979575, q=0.33948083321371003, w=0.32637354015769404)","Workload(z0=0.01, z1=0.33, q=0.33, w=0.33)"
0.9000000000000001,0.9218928210026244,0.921892708111597,0.5,0.00020522015259885357,"Workload(z0=0.009729338218800126, z1=0.32441628840979575, q=0.33948083321371003, w=0.32637354015769404)","Workload(z0=0.01, z1=0.33, q=0.33, w=0.33)"
0.9000000000000001,0.9218928210026244,0.9218927096887767,0.6000000000000001,0.00020522015259885357,"Workload(z0=0.009729338218800126, z1=0.32441628840979575, q=0.33948083321371003, w=0.32637354015769404)","Workload(z0=0.01, z1=0.33, q=0.33, w=0.33)"
0.9000000000000001,0.9218928210026244,0.9218927236195437,0.7000000000000001,0.00020522015259885357,"Workload(z0=0.009729338218800126, z1=0.32441628840979575, q=0.33948083321371003, w=0.32637354015769404)","Workload(z0=0.01, z1=0.33, q=0.33, w=0.33)"
0.9000000000000001,0.9218928210026244,0.921892708465496,0.8,0.00020522015259885357,"Workload(z0=0.009729338218800126, z1=0.32441628840979575, q=0.33948083321371003, w=0.32637354015769404)","Workload(z0=0.01, z1=0.33, q=0.33, w=0.33)"
0.9000000000000001,0.9218928210026244,0.9218927087384698,0.9,0.00020522015259885357,"Workload(z0=0.009729338218800126, z1=0.32441628840979575, q=0.33948083321371003, w=0.32637354015769404)","Workload(z0=0.01, z1=0.33, q=0.33, w=0.33)"
0.9000000000000001,0.9218928210026244,0.9218927081634677,1.0,0.00020522015259885357,"Workload(z0=0.009729338218800126, z1=0.32441628840979575, q=0.33948083321371003, w=0.32637354015769404)","Workload(z0=0.01, z1=0.33, q=0.33, w=0.33)"
0.9000000000000001,0.9218928210026244,0.9218927079307213,1.1,0.00020522015259885357,"Workload(z0=0.009729338218800126, z1=0.32441628840979575, q=0.33948083321371003, w=0.32637354015769404)","Workload(z0=0.01, z1=0.33, q=0.33, w=0.33)"
0.9000000000000001,0.9218928210026244,0.921892708980607,1.2000000000000002,0.00020522015259885357,"Workload(z0=0.009729338218800126, z1=0.32441628840979575, q=0.33948083321371003, w=0.32637354015769404)","Workload(z0=0.01, z1=0.33, q=0.33, w=0.33)"
0.9000000000000001,0.9218928210026244,0.9218927077896616,1.3,0.00020522015259885357,"Workload(z0=0.009729338218800126, z1=0.32441628840979575, q=0.33948083321371003, w=0.32637354015769404)","Workload(z0=0.01, z1=0.33, q=0.33, w=0.33)"
0.9000000000000001,0.9218928210026244,0.9218927077875944,1.4000000000000001,0.00020522015259885357,"Workload(z0=0.009729338218800126, z1=0.32441628840979575, q=0.33948083321371003, w=0.32637354015769404)","Workload(z0=0.01, z1=0.33, q=0.33, w=0.33)"
0.9000000000000001,0.9218928210026244,0.9218927079755541,1.5,0.00020522015259885357,"Workload(z0=0.009729338218800126, z1=0.32441628840979575, q=0.33948083321371003, w=0.32637354015769404)","Workload(z0=0.01, z1=0.33, q=0.33, w=0.33)"
0.9000000000000001,0.9218928210026245,0.921892707715102,1.6,0.00020522015259885357,"Workload(z0=0.009729338218800126, z1=0.32441628840979575, q=0.33948083321371003, w=0.32637354015769404)","Workload(z0=0.01, z1=0.33, q=0.33, w=0.33)"
0.9000000000000001,0.9218928210026244,0.9218927076424139,1.7000000000000002,0.00020522015259885357,"Workload(z0=0.009729338218800126, z1=0.32441628840979575, q=0.33948083321371003, w=0.32637354015769404)","Workload(z0=0.01, z1=0.33, q=0.33, w=0.33)"
0.9000000000000001,0.9218928210026244,0.921892708429678,1.8,0.00020522015259885357,"Workload(z0=0.009729338218800126, z1=0.32441628840979575, q=0.33948083321371003, w=0.32637354015769404)","Workload(z0=0.01, z1=0.33, q=0.33, w=0.33)"
0.9000000000000001,0.9218928210026244,0.9218927241830804,1.9000000000000001,0.00020522015259885357,"Workload(z0=0.009729338218800126, z1=0.32441628840979575, q=0.33948083321371003, w=0.32637354015769404)","Workload(z0=0.01, z1=0.33, q=0.33, w=0.33)"
0.9500000000000001,0.9218928379650576,0.921892708968093,0.0,9.039947559520505e-07,"Workload(z0=0.010095935553883422, z1=0.3298016173009979, q=0.3296974550978789, w=0.33040499204723983)","Workload(z0=0.01, z1=0.33, q=0.33, w=0.33)"
0.9500000000000001,0.9218928210026244,0.921892707574575,0.1,9.039947559520505e-07,"Workload(z0=0.010095935553883422, z1=0.3298016173009979, q=0.3296974550978789, w=0.33040499204723983)","Workload(z0=0.01, z1=0.33, q=0.33, w=0.33)"
0.9500000000000001,0.9218928210026244,0.9218927078045237,0.2,9.039947559520505e-07,"Workload(z0=0.010095935553883422, z1=0.3298016173009979, q=0.3296974550978789, w=0.33040499204723983)","Workload(z0=0.01, z1=0.33, q=0.33, w=0.33)"
0.9500000000000001,0.9218928210026244,0.9218927082932803,0.30000000000000004,9.039947559520505e-07,"Workload(z0=0.010095935553883422, z1=0.3298016173009979, q=0.3296974550978789, w=0.33040499204723983)","Workload(z0=0.01, z1=0.33, q=0.33, w=0.33)"
0.9500000000000001,0.9218928210026244,0.9218927075564289,0.4,9.039947559520505e-07,"Workload(z0=0.010095935553883422, z1=0.3298016173009979, q=0.3296974550978789, w=0.33040499204723983)","Workload(z0=0.01, z1=0.33, q=0.33, w=0.33)"
0.9500000000000001,0.9218928210026244,0.9218927105490671,0.5,9.039947559520505e-07,"Workload(z0=0.010095935553883422, z1=0.3298016173009979, q=0.3296974550978789, w=0.33040499204723983)","Workload(z0=0.01, z1=0.33, q=0.33, w=0.33)"
0.9500000000000001,0.9218928210026244,0.921892707680585,0.6000000000000001,9.039947559520505e-07,"Workload(z0=0.010095935553883422, z1=0.3298016173009979, q=0.3296974550978789, w=0.33040499204723983)","Workload(z0=0.01, z1=0.33, q=0.33, w=0.33)"
0.9500000000000001,0.9218928210026244,0.9218927076122452,0.7000000000000001,9.039947559520505e-07,"Workload(z0=0.010095935553883422, z1=0.3298016173009979, q=0.3296974550978789, w=0.33040499204723983)","Workload(z0=0.01, z1=0.33, q=0.33, w=0.33)"
0.9500000000000001,0.9218928210026243,0.9218927076522488,0.8,9.039947559520505e-07,"Workload(z0=0.010095935553883422, z1=0.3298016173009979, q=0.3296974550978789, w=0.33040499204723983)","Workload(z0=0.01, z1=0.33, q=0.33, w=0.33)"
0.9500000000000001,0.9218928210026244,0.9218927075729628,0.9,9.039947559520505e-07,"Workload(z0=0.010095935553883422, z1=0.3298016173009979, q=0.3296974550978789, w=0.33040499204723983)","Workload(z0=0.01, z1=0.33, q=0.33, w=0.33)"
0.9500000000000001,0.9218928210026244,0.9218927075788521,1.0,9.039947559520505e-07,"Workload(z0=0.010095935553883422, z1=0.3298016173009979, q=0.3296974550978789, w=0.33040499204723983)","Workload(z0=0.01, z1=0.33, q=0.33, w=0.33)"
0.9500000000000001,0.9218928210026244,0.921892708758085,1.1,9.039947559520505e-07,"Workload(z0=0.010095935553883422, z1=0.3298016173009979, q=0.3296974550978789, w=0.33040499204723983)","Workload(z0=0.01, z1=0.33, q=0.33, w=0.33)"
0.9500000000000001,0.9218928210026244,0.9218927076935137,1.2000000000000002,9.039947559520505e-07,"Workload(z0=0.010095935553883422, z1=0.3298016173009979, q=0.3296974550978789, w=0.33040499204723983)","Workload(z0=0.01, z1=0.33, q=0.33, w=0.33)"
0.9500000000000001,0.9218928210026244,0.9218927075494077,1.3,9.039947559520505e-07,"Workload(z0=0.010095935553883422, z1=0.3298016173009979, q=0.3296974550978789, w=0.33040499204723983)","Workload(z0=0.01, z1=0.33, q=0.33, w=0.33)"
0.9500000000000001,0.9218928210026244,0.921892708902463,1.4000000000000001,9.039947559520505e-07,"Workload(z0=0.010095935553883422, z1=0.3298016173009979, q=0.3296974550978789, w=0.33040499204723983)","Workload(z0=0.01, z1=0.33, q=0.33, w=0.33)"
0.9500000000000001,0.9218928210026244,0.9218927075605401,1.5,9.039947559520505e-07,"Workload(z0=0.010095935553883422, z1=0.3298016173009979, q=0.3296974550978789, w=0.33040499204723983)","Workload(z0=0.01, z1=0.33, q=0.33, w=0.33)"
0.9500000000000001,0.9218928210026244,0.921892707555779,1.6,9.039947559520505e-07,"Workload(z0=0.010095935553883422, z1=0.3298016173009979, q=0.3296974550978789, w=0.33040499204723983)","Workload(z0=0.01, z1=0.33, q=0.33, w=0.33)"
0.9500000000000001,0.9218928210026244,0.9218927081160112,1.7000000000000002,9.039947559520505e-07,"Workload(z0=0.010095935553883422, z1=0.3298016173009979, q=0.3296974550978789, w=0.33040499204723983)","Workload(z0=0.01, z1=0.33, q=0.33, w=0.33)"
0.9500000000000001,0.9218928210026244,0.9218927076399792,1.8,9.039947559520505e-07,"Workload(z0=0.010095935553883422, z1=0.3298016173009979, q=0.3296974550978789, w=0.33040499204723983)","Workload(z0=0.01, z1=0.33, q=0.33, w=0.33)"
0.9500000000000001,0.9218928210026245,0.921892709429679,1.9000000000000001,9.039947559520505e-07,"Workload(z0=0.010095935553883422, z1=0.3298016173009979, q=0.3296974550978789, w=0.33040499204723983)","Workload(z0=0.01, z1=0.33, q=0.33, w=0.33)"
1.0,0.9228647515178163,0.9218927090524374,0.0,0.0031684031532946827,"Workload(z0=0.019950512027389098, z1=0.33078988010647603, q=0.3279869369306137, w=0.3212726709355212)","Workload(z0=0.01, z1=0.33, q=0.33, w=0.33)"
1.0,0.9218928210026244,0.9218927078960159,0.1,0.0031684031532946827,"Workload(z0=0.019950512027389098, z1=0.33078988010647603, q=0.3279869369306137, w=0.3212726709355212)","Workload(z0=0.01, z1=0.33, q=0.33, w=0.33)"
1.0,0.9218928210026243,0.9218927082353775,0.2,0.0031684031532946827,"Workload(z0=0.019950512027389098, z1=0.33078988010647603, q=0.3279869369306137, w=0.3212726709355212)","Workload(z0=0.01, z1=0.33, q=0.33, w=0.33)"
1.0,0.9218928210026244,0.9218927119298461,0.30000000000000004,0.0031684031532946827,"Workload(z0=0.019950512027389098, z1=0.33078988010647603, q=0.3279869369306137, w=0.3212726709355212)","Workload(z0=0.01, z1=0.33, q=0.33, w=0.33)"
1.0,0.9218928210026244,0.9218927092472153,0.4,0.0031684031532946827,"Workload(z0=0.019950512027389098, z1=0.33078988010647603, q=0.3279869369306137, w=0.3212726709355212)","Workload(z0=0.01, z1=0.33, q=0.33, w=0.33)"
1.0,0.9218928210026244,0.9218927107841011,0.5,0.0031684031532946827,"Workload(z0=0.019950512027389098, z1=0.33078988010647603, q=0.3279869369306137, w=0.3212726709355212)","Workload(z0=0.01, z1=0.33, q=0.33, w=0.33)"
1.0,0.9218928210026244,0.9218927075582064,0.6000000000000001,0.0031684031532946827,"Workload(z0=0.019950512027389098, z1=0.33078988010647603, q=0.3279869369306137, w=0.3212726709355212)","Workload(z0=0.01, z1=0.33, q=0.33, w=0.33)"
1.0,0.9218928210026244,0.9218927144523443,0.7000000000000001,0.0031684031532946827,"Workload(z0=0.019950512027389098, z1=0.33078988010647603, q=0.3279869369306137, w=0.3212726709355212)","Workload(z0=0.01, z1=0.33, q=0.33, w=0.33)"
1.0,0.9218928210026244,0.9218927080678719,0.8,0.0031684031532946827,"Workload(z0=0.019950512027389098, z1=0.33078988010647603, q=0.3279869369306137, w=0.3212726709355212)","Workload(z0=0.01, z1=0.33, q=0.33, w=0.33)"
1.0,0.9218928210026244,0.9218927077426162,0.9,0.0031684031532946827,"Workload(z0=0.019950512027389098, z1=0.33078988010647603, q=0.3279869369306137, w=0.3212726709355212)","Workload(z0=0.01, z1=0.33, q=0.33, w=0.33)"
1.0,0.9218928210026244,0.921892708050103,1.0,0.0031684031532946827,"Workload(z0=0.019950512027389098, z1=0.33078988010647603, q=0.3279869369306137, w=0.3212726709355212)","Workload(z0=0.01, z1=0.33, q=0.33, w=0.33)"
1.0,0.9218928210026244,0.9218927075404864,1.1,0.0031684031532946827,"Workload(z0=0.019950512027389098, z1=0.33078988010647603, q=0.3279869369306137, w=0.3212726709355212)","Workload(z0=0.01, z1=0.33, q=0.33, w=0.33)"
1.0,0.9218928210026244,0.9218927147111969,1.2000000000000002,0.0031684031532946827,"Workload(z0=0.019950512027389098, z1=0.33078988010647603, q=0.3279869369306137, w=0.3212726709355212)","Workload(z0=0.01, z1=0.33, q=0.33, w=0.33)"
1.0,0.9218928210026244,0.9218927114862758,1.3,0.0031684031532946827,"Workload(z0=0.019950512027389098, z1=0.33078988010647603, q=0.3279869369306137, w=0.3212726709355212)","Workload(z0=0.01, z1=0.33, q=0.33, w=0.33)"
1.0,1.4199663886720062,0.9218927085412241,1.4000000000000001,0.0031684031532946827,"Workload(z0=0.019950512027389098, z1=0.33078988010647603, q=0.3279869369306137, w=0.3212726709355212)","Workload(z0=0.01, z1=0.33, q=0.33, w=0.33)"
1.0,0.9218928210026244,0.9218927080540296,1.5,0.0031684031532946827,"Workload(z0=0.019950512027389098, z1=0.33078988010647603, q=0.3279869369306137, w=0.3212726709355212)","Workload(z0=0.01, z1=0.33, q=0.33, w=0.33)"
1.0,0.9218928210026244,0.92189270756871,1.6,0.0031684031532946827,"Workload(z0=0.019950512027389098, z1=0.33078988010647603, q=0.3279869369306137, w=0.3212726709355212)","Workload(z0=0.01, z1=0.33, q=0.33, w=0.33)"
1.0,0.9218928210026244,0.9218927075531366,1.7000000000000002,0.0031684031532946827,"Workload(z0=0.019950512027389098, z1=0.33078988010647603, q=0.3279869369306137, w=0.3212726709355212)","Workload(z0=0.01, z1=0.33, q=0.33, w=0.33)"
1.0,0.9218928210026244,0.9218927075595482,1.8,0.0031684031532946827,"Workload(z0=0.019950512027389098, z1=0.33078988010647603, q=0.3279869369306137, w=0.3212726709355212)","Workload(z0=0.01, z1=0.33, q=0.33, w=0.33)"
1.0,0.9218928210026244,0.9218927096829235,1.9000000000000001,0.0031684031532946827,"Workload(z0=0.019950512027389098, z1=0.33078988010647603, q=0.3279869369306137, w=0.3212726709355212)","Workload(z0=0.01, z1=0.33, q=0.33, w=0.33)"
